Name,Term,ES,NES,NOM p-val,FDR q-val,FWER p-val,Tag %,Gene %,Lead_genes
prerank,Cytosolic Large Ribosomal Subunit (GO:0022625),-0.787627185607764,-4.074395005390744,0.0,0.0,0.0,43/48,13.56%,RPL21;RPL10A;RPL27;RPL9;RPL22;RPLP2;RPL15;RPL13;RPL19;RPLP1;RPL12;RPL18;RPL5;RPL37A;RPL30;RPL32;RPL23A;RPL37;RPL7;RPL34;RPL17;UBA52;RPL26;RPL29;RPL7A;RPL35A;RPL39;RPL27A;RPL11;RPL8;RPL24;RPL3;RPL18A;RPL38;RPL4;RPL13A;RPL36;RPL31;RPL28;RPL35;RPLP0;RPL14;RPL41
prerank,Large Ribosomal Subunit (GO:0015934),-0.787627185607764,-4.074395005390744,0.0,0.0,0.0,43/48,13.56%,RPL21;RPL10A;RPL27;RPL9;RPL22;RPLP2;RPL15;RPL13;RPL19;RPLP1;RPL12;RPL18;RPL5;RPL37A;RPL30;RPL32;RPL23A;RPL37;RPL7;RPL34;RPL17;UBA52;RPL26;RPL29;RPL7A;RPL35A;RPL39;RPL27A;RPL11;RPL8;RPL24;RPL3;RPL18A;RPL38;RPL4;RPL13A;RPL36;RPL31;RPL28;RPL35;RPLP0;RPL14;RPL41
prerank,Cytosolic Small Ribosomal Subunit (GO:0022627),-0.7748907584942777,-3.4996053482228167,0.0,0.0,0.0,34/38,11.11%,RPS17;RPS10;RPS9;RPS5;RPS3A;RPS26;RPS23;RPS11;RPS15A;FAU;RPS20;RPS24;RPSA;RPS28;RPS27A;RPS8;RPS16;RPS13;UBA52;RPS6;RPS15;RPS21;RPS27;RPS2;RPS3;RPS29;RPS14;RPS19;RACK1;RPS25;RPS7;RPS18;RPS4X;RPS4Y2
prerank,Small Ribosomal Subunit (GO:0015935),-0.7591907752952617,-3.3232853558870485,0.0,0.0,0.0,34/39,11.11%,RPS17;RPS10;RPS9;RPS5;RPS3A;RPS26;RPS23;RPS11;RPS15A;FAU;RPS20;RPS24;RPSA;RPS28;RPS27A;RPS8;RPS16;RPS13;UBA52;RPS6;RPS15;RPS21;RPS27;RPS2;RPS3;RPS29;RPS14;RPS19;RACK1;RPS25;RPS7;RPS18;RPS4X;RPS4Y2
prerank,Ribosome (GO:0005840),-0.6061603694520746,-3.0558112754273385,0.0,0.0,0.0,37/58,9.56%,RPS17;RPL10A;RPS10;RPS9;RPS5;RPL27;RPS26;RPL9;RPL15;RPS23;RPS11;RPL19;RPL18;RPL30;RPL32;RPS28;RPL17;RPS13;RPS21;RPS27;RPL7A;RPL39;RPS3;RPS29;RPL11;RPL8;RPS19;RPL24;RPS25;RPL18A;RPL38;RPL13A;RPL36;RPS7;RPL31;RPS18;RPS4X
prerank,Polysomal Ribosome (GO:0042788),-0.6924105305263119,-2.9154580805989405,0.0,0.0,0.0,21/27,14.70%,RPL10A;RPS26;RPS23;RPL19;RPL18;RPL30;RPL32;RPS28;RPS21;RPL7A;RPL39;RPS29;RPL11;RPL8;RPL24;RPL18A;RPL38;RPL36;RPL31;RPL41;EIF3H
prerank,Recycling Endosome Membrane (GO:0055038),0.5754551961301075,2.3527571056779264,0.0,0.0,0.0,42/64,27.54%,NDRG1;SCAMP2;OPTN;ATP13A3;LZTR1;RAP2B;CD274;B2M;RAP2A;VAMP8;SCAMP1;RAB8B;EHD1;HLA-A;HLA-B;ARF6;VTI1B;RAC1;RAB14;HLA-C;RAB35;RAB11A;SLC9A9;EHD4;RAB8A;PDIA3;HLA-E;VAMP3;FZD7;ATP9A;BOK;RAB11FIP3;RAB11FIP4;CMTM6;HLA-F;SNX18;SCAMP4;EHD3;SCAMP3;MICALL1;NSG1;SLC31A1
prerank,Azurophil Granule (GO:0042582),0.5161997651934431,2.3027399462288667,0.0,0.0,0.0,90/137,32.48%,ANXA2;TUBB4B;GLIPR1;C3AR1;ARSA;VAPA;DPP7;ARL8A;LAMP2;VAMP8;HEXB;TMEM30A;STXBP2;RAB44;DNAJC13;IMPDH1;DNAJC5;SURF4;C3;PRKCD;STX3;CPPED1;FUCA2;DYNC1H1;ACLY;AZU1;DNAJC3;RNASE2;DDOST;GUSB;FUCA1;NDUFC2;STOM;CTSG;ATP11B;CPNE3;ACTR2;RAB5C;PYCARD;GNS;CYB5R3;CTSC;VCP;MAGT1;GLA;RAB37;TRAPPC1;GRN;AGA;ATP6V0C;PSMD1;ACTR10;LAMP1;LYZ;PTGES2;ANXA11;SLCO4C1;CD63;NFAM1;CMTM6;LPCAT1;STX7;VAMP7;MAPK1;SNAP29;MNDA;FPR1;B4GALT1;VNN1;UNC13D;GGH;TMEM179B;RAB3D;GDI2;PSAP;RAP1B;TOLLIP;GLB1;SNAP23;GM2A;SYNGR1;TUBB2A;NCSTN;MAN2B1;PRSS57;BST2;LAMTOR1;PSEN1;STK11IP;NPC2
prerank,Endosome Membrane (GO:0010008),0.4855127019108132,2.2743757313925013,0.0,0.0,0.0,181/324,27.97%,NDRG1;ITGB1;ANXA1;SCAMP2;OPTN;ATP13A3;RAP1A;ANXA2;VPS33A;RAB5A;ATP13A2;AP2B1;LZTR1;MYD88;RAP2B;CD274;RAB7A;B2M;CLN3;RAP2A;TMBIM1;RNF167;LAMP2;VAMP8;SCAMP1;SNX20;WASHC1;TMEM30A;DNAJC13;RAB8B;ATP6V0E1;SLC31A2;ZFYVE28;EHD1;ABHD17C;HLA-A;SNX12;HLA-B;TRAF6;VPS28;LAMTOR2;ARF6;PLEKHF1;ADRB2;ATG16L1;VTI1B;VPS13A;SPHK1;VPS37A;ATP6AP1;RAC1;TMEM184A;RAB14;RHOU;ANXA6;WASHC5;WIPI1;HLA-C;IFITM2;RAB35;ATP6AP2;VPS4A;RAB11A;SLC9A9;TMEM165;CD14;AP3D1;VPS26A;EHD4;SNX6;RIPK1;RAB8A;PDIA3;VPS4B;RMC1;TCIRG1;ABHD17A;VPS36;HLA-E;AP2M1;IGF2R;ATP11B;WLS;MVB12B;ARHGAP1;MR1;RAB5C;VAMP3;LDLR;VPS16;TFRC;CLTA;TMEM163;WASHC3;WDR81;ATP6V0B;PSENEN;USP8;TLR3;RNF13;TICAM1;FZD7;PI4K2A;ATP9A;RAB5B;ATP6V0D1;ATP6V0C;LLGL1;ANKFY1;ATP6V0A2;AP2A1;PXK;BOK;SLC15A4;LAMP1;ACAP2;CORO1C;IRAK4;CLTC;SNX2;TSG101;FCGR1A;LAPTM4A;NTRK1;RAB11FIP3;TAB3;RAB11FIP4;PLD3;CD63;CMTM6;SNX3;ABHD6;AP2S1;SLC11A1;SNX10;GGA2;WASHC2C;SLC29A3;VTI1A;RUFY1;HLA-DRB1;HLA-F;VAMP7;MRC1;TPCN2;MCOLN1;APLP2;UBB;UBAP1;VPS18;TBC1D5;LAMTOR4;ATP7A;VPS11;SNX18;SCAMP4;EHD3;SCAMP3;VPS41;APPL1;WASHC2A;TLR4;SNF8;UBA1;STARD3NL;VPS33B;MICALL1;IRAK1;HLA-DRB5;NSG1;SLA2;SNX1;WDR83;ERBB2;SNX16;SNX4;SLC30A4;SLC31A1;MVB12A;MAP3K7;MON2
prerank,Ficolin-1-Rich Granule (GO:0101002),0.5093176879013418,2.267029199526955,0.0,0.0,0.0,110/178,27.09%,CANT1;HSPA1A;VCL;PSMD11;CD58;PSMD12;DYNC1LI1;PGAM1;PSMC2;LGALS3;DYNLL1;HSP90AA1;ARL8A;LAMP2;CSTB;PSMC3;CAPN1;DIAPH1;IMPDH1;SRP14;COPB1;RAC1;PYGL;OSTF1;CLU;VPS35L;HMGB1;FGL2;ATP6AP2;NBEAL2;ACLY;PPIA;PSMD2;GUSB;CSNK2B;TCIRG1;APAF1;KCMF1;ITGB2;DYNLT1;PSMD7;ACTR2;FTH1;NFASC;GNS;PSMA5;ADAM8;RHOA;LILRB2;VCP;ENPP4;FCN1;XRCC6;HUWE1;PKM;HSPA8;GPI;PSMD14;PLEKHO2;ARPC5;ATP6V0C;PRDX4;GYG1;PDAP1;KPNB1;CAB39;ACTR10;LAMP1;BIN2;FPR2;PSMD6;CST3;CD300A;HSPA6;PSMB1;GMFG;SERPINA1;MVP;SLC11A1;CTSZ;COMMD3;IDH1;HSPA1B;QPCT;CTSS;MAPK1;ADGRE3;MNDA;FPR1;PSMB7;NCKAP1L;DOK3;TMEM179B;CTSH;GSTP1;PGM1;GSDMD;PSMD3;CD93;MGAM;STBD1;PAFAH1B2;CFD;ACTR1B;GLB1;CDK13;APEH;PNP;MAPK14;UBR4
prerank,Recycling Endosome (GO:0055037),0.49454098707589894,2.256123475515739,0.0,0.0,0.0,76/141,26.78%,NDRG1;SCAMP2;OPTN;ATP13A3;RAB10;RAB11FIP5;LZTR1;MYO5A;RAP2B;CD274;B2M;CLN3;RAP2A;VAMP8;SCAMP1;WASHC1;SYT11;PLEKHA3;RAN;RAB8B;EHD1;HLA-A;HLA-B;ARF6;VTI1B;RAC1;TBC1D17;RAB14;STX8;HLA-C;PHETA2;RAB35;RAB11A;SLC9A9;STX12;EHD4;RAB8A;PDIA3;MCTP1;TNF;TPP1;HLA-E;ATP11B;VAMP3;VPS16;TFRC;COMMD1;FZD7;ATP9A;FCHSD1;GRIPAP1;TUBA1A;PLEKHJ1;BOK;MELTF;RAB11FIP3;ULK1;RAB11FIP4;CMTM6;MICALL2;RAB29;STX6;HLA-F;STX7;SNX18;SCAMP4;ZDHHC2;EHD3;SCAMP3;AP1G1;SNF8;MICALL1;NSG1;USP6;PHETA1;TUBG1
prerank,Azurophil Granule Membrane (GO:0035577),0.572382686804228,2.2476612229757573,0.0,0.0,0.0,43/54,34.39%,GLIPR1;C3AR1;VAPA;ARL8A;LAMP2;VAMP8;TMEM30A;RAB44;DNAJC13;DNAJC5;SURF4;AZU1;DDOST;NDUFC2;STOM;ATP11B;CPNE3;RAB5C;MAGT1;RAB37;ATP6V0C;LAMP1;SLCO4C1;CD63;NFAM1;CMTM6;LPCAT1;VAMP7;SNAP29;FPR1;B4GALT1;VNN1;TMEM179B;RAB3D;PSAP;RAP1B;SYNGR1;NCSTN;BST2;LAMTOR1;PSEN1;MGST1;CD68
prerank,Ficolin-1-Rich Granule Lumen (GO:1904813),0.5212411965442332,2.2201245561303686,0.0,0.0,0.0,76/121,26.80%,CANT1;HSPA1A;VCL;PSMD11;PSMD12;PGAM1;PSMC2;HSP90AA1;CSTB;PSMC3;CAPN1;IMPDH1;SRP14;PYGL;OSTF1;HMGB1;FGL2;ACLY;PPIA;PSMD2;GUSB;CSNK2B;APAF1;KCMF1;DYNLT1;PSMD7;ACTR2;FTH1;GNS;PSMA5;VCP;FCN1;XRCC6;HUWE1;PKM;HSPA8;GPI;PSMD14;PLEKHO2;ARPC5;PRDX4;GYG1;PDAP1;KPNB1;CAB39;ACTR10;BIN2;PSMD6;CST3;HSPA6;PSMB1;GMFG;SERPINA1;MVP;CTSZ;COMMD3;IDH1;HSPA1B;QPCT;CTSS;MAPK1;MNDA;PSMB7;CTSH;GSTP1;PGM1;GSDMD;PSMD3;PAFAH1B2;CFD;ACTR1B;GLB1;CDK13;APEH;PNP;MAPK14
prerank,Secretory Granule Membrane (GO:0030667),0.4802731056004099,2.216422492456137,0.0,0.0,0.0,145/255,27.95%,SRI;RAP1A;RAB18;CD58;PLAUR;LILRB3;RAB10;TNFRSF1B;DYNC1LI1;RAP2B;GLIPR1;C3AR1;LGALS3;DYNLL1;RAB7A;VAPA;CUZD1;IQGAP2;TMBIM1;ARL8A;LAMP2;VAMP8;ITGAV;PTPRC;SCAMP1;ANO6;RHOG;TMEM30A;DGAT1;ABCA3;RAB44;DNAJC13;KCNAB2;DIAPH1;CD47;DNAJC5;PTPRJ;SURF4;RAB26;CYSTM1;HLA-B;LAMTOR2;ATP6V1D;ITPR3;COPB1;RAB27B;RAC1;TMEM184A;RAB14;VAMP2;CLU;VPS35L;HLA-C;ATP6AP2;NBEAL2;CLEC12A;AZU1;RAB6A;CD14;PGRMC1;DDOST;SPARC;CD109;NDUFC2;ADAM10;TMED2;STOM;TCIRG1;IGF2R;ATP11B;STK10;ITGB2;CPNE3;CXCR1;PAM;ITGAL;MLEC;TMED10;RAB5C;RHOF;NFASC;ADAM8;RHOA;ADGRE5;CD53;LILRB2;ENPP4;HGSNAT;MAGT1;AGPAT2;LY6G6F;PLD1;RAB5B;RAB37;ATP6V0C;CYBA;IQGAP1;TMX3;SLC15A4;LAMP1;FRMPD3;BST1;FPR2;ITGAM;CD300A;CD33;SLCO4C1;CD63;NFAM1;CMTM6;SIGLEC9;LPCAT1;SLC11A1;CXCR2;SLC30A5;HMOX2;VAMP7;SNAP29;ADGRE3;APLP2;FPR1;B4GALT1;ABCC4;VNN1;NCKAP1L;DOK3;TMEM179B;RAB3D;CD93;PSAP;MGAM;STBD1;SYTL4;RAP1B;CD59;SLC27A2;PTPRB;FCGR3B;PHACTR2;SNAP23;UBR4;P2RX1;CCDC136;TYROBP;CD36
prerank,Early Endosome (GO:0005769),0.4609885805210169,2.1815202628925694,0.0,0.0,0.0,133/264,27.97%,ANXA1;ATP13A3;RAP1A;VPS33A;RAB22A;RAB5A;HPS6;RAB11FIP5;ECPAS;TMEM127;MYO5A;CD274;B2M;CLN3;DTX3L;F8A1;VAMP8;TGFBRAP1;SNX20;WASHC1;PLEKHA3;RAPGEF1;TMEM30A;TRIM3;DNAJC13;PICALM;RUSC1;CHMP1A;ZFYVE28;EHD1;HLA-A;SNX12;HLA-B;VPS28;PLEKHF1;RABGAP1L;ANKRD13B;AP1S2;VTI1B;SPHK1;TMEM184A;RAB14;SNX33;STX8;WASHC5;HLA-C;PHETA2;VPS4A;SLC9A9;ADRB1;AP3D1;VPS26A;EHD4;AP1S1;SNX6;F2R;HLA-E;IGF2R;ATP11B;WLS;MVB12B;MR1;RAB5C;LDLR;HGS;ANKRD27;VPS16;TMEM163;COMMD1;WASHC3;WDR81;USP8;TLR3;NF2;MAP2K2;TICAM1;AP1S3;PI4K2A;ATP9A;RAB5B;ATP6V0D1;LLGL1;ALS2;AP4M1;ANKFY1;PLEKHJ1;PXK;BOK;MELTF;TBC1D2B;AP3S1;TSG101;SNX27;FCGR1A;NTRK1;PLD3;CMTM6;SNX3;PTPN1;UVRAG;RPS6KC1;GGA2;RAB29;WASHC2C;RUFY1;RAB38;VPS26B;STX6;HLA-F;STX7;MAPK1;AP3M1;ATP7A;VPS11;EHD3;AP1G1;APPL1;HTT;WASHC2A;ITCH;WDFY1;HPS3;VPS33B;MICALL1;NSG1;PHETA1;ZFYVE26;SNX1;SNX16;SNX4;SLC31A1;TM9SF4;MON2
prerank,Small-Subunit Processome (GO:0032040),-0.39930389667419575,-2.154698714565587,0.0,0.0008383635144198525,0.01,34/70,21.47%,RPS17;RPS9;RPS5;RPS3A;RPS23;RPS11;RPS15A;RPS24;RPS28;RPS27A;RPS8;FBL;RPS16;RPS13;RPS6;RPS27;SPPL2B;RPS14;RPS19;RPS7;WDR3;RPS4X;PDCD11;NAT10;WDR43;UTP18;NOP58;RCL1;DIMT1;IGF2BP3;RRP9;NOL6;UTP20;UTP25
prerank,COPII-coated ER To Golgi Transport Vesicle (GO:0030134),0.5353550636802266,2.1488012312249003,0.0,0.0,0.0,54/71,36.57%,F8;ECPAS;TMED5;SAR1B;B2M;USO1;CNIH4;HLA-A;HLA-B;VTI1B;SEC16B;HLA-C;SEC13;LMAN1;TMED9;TMED2;SEC23A;HLA-E;SEC24D;TMED10;LMAN2;IER3IP1;CTSC;SEC24A;GNAO1;SEC31A;TMED1;TEX261;HLA-DPA1;TMED4;SERPINA1;CTSZ;SEC24C;HLA-DQB2;VTI1A;SLC30A5;HLA-DRB1;GOLGA2;HLA-F;YIF1A;TMED7;CD59;HLA-DRB5;HLA-DQA2;LMAN2L;SEC23IP;SEC16A;CD74;HLA-DRA;SEC24B;DDHD2;HLA-DQA1;TMED3;KLHL12
prerank,ER To Golgi Transport Vesicle Membrane (GO:0012507),0.5597900597053785,2.1141139377238116,0.0,0.0,0.0,41/51,36.57%,SAR1B;B2M;USO1;PEF1;CNIH4;HLA-A;HLA-B;VTI1B;SEC16B;HLA-C;SEC13;LMAN1;TMED2;SEC23A;HLA-E;SEC24D;TMED10;SEC24A;SEC23B;GNAO1;SEC31A;CIDEB;HLA-DPA1;SEC24C;HLA-DQB2;VTI1A;SLC30A5;HLA-DRB1;HLA-F;SAR1A;PDCD6;TMED7;CD59;HLA-DRB5;HLA-DQA2;SEC16A;CD74;HLA-DRA;SEC24B;HLA-DQA1;KLHL12
prerank,Autophagosome (GO:0005776),0.5130397215520051,2.096801436981385,0.0,0.0,0.0,60/78,37.96%,VPS33A;ATP13A2;TEX264;FYCO1;ATG5;CLN3;VMP1;LAMP2;PLEKHM1;UBQLN4;WASHC1;SQSTM1;CHMP1A;SH3GLB1;MAP1LC3B;ATG16L1;WIPI1;PIP4K2C;TBC1D25;GABARAPL1;CALCOCO2;OSBPL7;CHMP2A;FTH1;MAP1LC3B2;AUP1;NCOA4;WDR81;BECN1;ULK3;HSPA8;CHMP5;ATG16L2;PIP4K2A;ULK1;UVRAG;PIK3C3;LRRK2;VTI1A;SNAP29;CHMP2B;TBC1D5;CHMP4A;MAP1LC3A;HTT;ZFYVE1;JMY;NBR1;TP53INP2;GABARAPL2;ATG14;CHMP4C;RUFY4;TP53INP1;FTL;WDFY3;ULK2;CHMP1B;RAB23;TBC1D14
prerank,Phagocytic Vesicle (GO:0045335),0.5008304043768087,2.0860388285272236,0.0,0.0,0.0,59/93,28.31%,RAB22A;RAB5A;RAB11FIP5;ATG5;RAB7A;B2M;VAMP8;ITGAV;SYT11;RAB8B;ATP6V0E1;HLA-A;HLA-B;RAB14;TAP1;HLA-C;FMNL1;RAB11A;STX12;ITGB5;RAB8A;PDIA3;TCIRG1;NOD2;NCF2;HLA-E;CALR;RAB9A;VAMP3;HGS;ADAM8;ATP6V0B;ATP6V0D1;ATG12;ATP6V0C;CYBA;ZDHHC5;ATP6V0A2;ANXA11;SNX3;PIK3C3;SLC11A1;GNLY;RAB38;HLA-F;VAMP7;CTSS;CORO1A;APLP2;ATP7A;MPEG1;TAPBP;MTOR;TAP2;APPL1;RAC2;SNAP23;CD36;STX4
prerank,Late Endosome (GO:0005770),0.4562065547886063,2.0801168547822497,0.0,0.0,0.0,122/179,38.13%,RNF149;ATP13A3;RAP1A;ANXA2;VPS33A;ATP13A2;ECPAS;MYO5A;FYCO1;RAB7A;CLN3;RAPGEF2;LAMP2;VAMP8;TMEM30A;SLC31A2;CHMP1A;ABCA5;LAMTOR2;ANKRD13B;VTI1B;RAB27B;RAB14;TMEM59;ANXA6;KIDINS220;STX8;IFITM2;VPS4A;RAB11A;SLC9A9;F2R;RMC1;SDF4;VPS36;RAB27A;IGF2R;SPPL2A;MVB12B;CHMP2A;RAB9A;MR1;LDLR;ANKRD27;VPS16;CST7;WDR81;LRAT;RNF13;MAP2K2;CHMP5;GRN;PXK;LAMP1;TSG101;HDAC6;VAMP5;LAPTM4A;NTRK1;PLD3;CD63;ABHD6;UVRAG;PIK3C3;SLC11A1;SLC29A3;VTI1A;VPS26B;HLA-DRB1;STX7;VAMP7;VPS13C;CTSS;SLC38A9;MCOLN1;MAPK1;CHMP2B;VPS18;LAMTOR4;ATP7A;VPS11;CHMP4A;PSAP;VPS41;HTT;AP5Z1;SNF8;STARD3NL;VPS33B;MICALL1;EXOC8;HLA-DRB5;NSG1;ZFYVE26;SNX16;SLC30A4;SNX14;NBR1;UBXN6;BST2;LAMTOR5;AP5S1;AP5B1;RUBCN;LAMTOR1;AP5M1;HLA-DRA;CHMP4C;PIK3R4;HLA-DMA;ANKRD13A;ANXA8;CLTCL1;SLC30A2;VPS39;CHMP1B;FIG4;VTA1;CLCN3;SFTPD;VAC14;MAGI2
prerank,Vesicle Coat (GO:0030120),0.581708637305035,2.0791174503564878,0.0,0.0,0.0,24/34,27.67%,SAR1B;PEF1;COPB1;COPE;SEC13;COPB2;COPA;SEC23A;SEC24D;CLTA;SEC24A;SEC23B;CLTB;COPZ1;SEC31A;COPG1;CIDEB;SEC24C;COPZ2;SAR1A;EPN2;PDCD6;TMED7;EPN1
prerank,Vesicle (GO:0031982),0.4569376941393439,2.078457594236765,0.0,0.0,0.0,108/202,31.03%,ANXA1;HSPA1A;DYNC1I2;VCL;ANXA2;AHNAK;ATP13A2;GAPDH;TUBB4B;MYO5A;TUBA1C;MYO1G;CIB1;KIF5B;VAPA;DPP7;CALM1;VAMP8;MYL6;SYT11;PICALM;SLC9A3R1;TAGLN2;GNAI2;DCTN2;CYB561D2;GNB1;CFL1;GNB2;VTI1B;CALM2;WDR54;VAMP2;STX8;SLC26A6;MYO1F;RAB11A;PPIA;DNAJC3;CLIC1;SYNJ1;ANXA4;EZR;STX12;VPS26A;GIPC1;ATP1B1;CD81;STOM;NOD2;PCMT1;YWHAZ;SLC34A1;ITGB2;ATP1A3;PEG10;MVB12B;ACTB;TFRC;RHOA;AKT1;STX10;E2F1;MSN;MAN1B1;SPTAN1;PKM;ALS2;BIN1;CORO1C;CLTC;MGAT1;CST3;COL6A2;RAB29;GAK;LGR6;HSPA1B;STX7;ARHGEF2;RAB3C;APLP2;RIPK2;UBB;MYO7A;LFNG;GSTP1;GDI2;CHMP4A;ARRDC1;PDCD6IP;APPL1;KCNE3;CD59;ASPSCR1;SNX1;SLC12A2;MUC16;MVB12A;DGKQ;TUBB2A;MYO1D;GIGYF2;SLC30A7;ITSN2;AMH;OLFML3;NOS1
prerank,Azurophil Granule Lumen (GO:0035578),0.473697931257645,2.0671667286831563,0.0,0.0,0.0,48/77,35.87%,ANXA2;TUBB4B;ARSA;DPP7;HEXB;IMPDH1;C3;PRKCD;CPPED1;FUCA2;DYNC1H1;AZU1;DNAJC3;RNASE2;GUSB;FUCA1;CTSG;ACTR2;PYCARD;GNS;CYB5R3;CTSC;VCP;GLA;TRAPPC1;GRN;AGA;PSMD1;ACTR10;LYZ;PTGES2;MAPK1;MNDA;UNC13D;GGH;GDI2;TOLLIP;GLB1;GM2A;TUBB2A;MAN2B1;PRSS57;STK11IP;NPC2;GALNS;FTL;IST1;ARSB
prerank,Coated Vesicle (GO:0030135),0.49150918530507476,2.0627108164276,0.0,0.0,0.0,46/74,29.76%,F8;ECPAS;TMED5;SCAMP1;CCDC115;CNIH4;PICALM;FCHO2;VAMP2;PHETA2;LMAN1;TMED9;TMED2;GPR107;TMED10;VAMP3;LMAN2;IER3IP1;CTSC;LMBRD1;SEC31A;TMED1;TEX261;CLTC;TMED4;SNX3;SERPINA1;CTSZ;GGA2;VTI1A;STX6;GOLGA2;TEPSIN;YIF1A;SNX18;AP1G1;VPS41;TMED7;DENND1A;VPS33B;NUMB;PHETA1;HIP1;DAB2;LMAN2L;SEC23IP
prerank,Clathrin-Coated Vesicle (GO:0030136),0.49835160972594256,2.0619176618836175,0.0,0.0,0.0,43/69,30.55%,AP2B1;SCAMP1;MYO6;RAB8B;PICALM;FCHO2;RAB27B;RAB14;VAMP2;PHETA2;RAB35;RAB8A;TMED9;AP2M1;IGF2R;GPR107;TMED10;VAMP3;CLTA;CLTB;FURIN;LMBRD1;AP2A1;CLTC;SNX3;AP2S1;GGA2;VTI1A;STX6;UNC13D;SPG21;ATP7A;SNX18;AP1G1;VPS41;CEMIP;DENND1A;VPS33B;NUMB;PHETA1;HIP1;DAB2;TGOLN2
prerank,Coated Vesicle Membrane (GO:0030662),0.5461894338593597,2.0608556527381263,0.0,0.0,0.0,37/51,32.63%,SAR1B;B2M;USO1;CNIH4;HLA-A;HLA-B;VTI1B;SEC16B;KDELR2;HLA-C;SEC13;LMAN1;TMED2;SEC23A;HLA-E;SEC24D;TMED10;SEC24A;GNAO1;SEC31A;HLA-DPA1;TMEM199;SEC24C;HLA-DQB2;VTI1A;SLC30A5;HLA-DRB1;HLA-F;TEPSIN;CD59;DENND1A;KDELR1;HLA-DRB5;HLA-DQA2;SEC16A;CD74;HLA-DRA
prerank,Phagocytic Vesicle Membrane (GO:0030670),0.5583727406980947,2.054258908638903,0.0,0.0,0.0,29/42,28.31%,ATG5;RAB7A;B2M;VAMP8;ATP6V0E1;HLA-A;HLA-B;TAP1;HLA-C;TCIRG1;HLA-E;CALR;VAMP3;ATP6V0B;ATP6V0D1;ATG12;ATP6V0C;CYBA;ATP6V0A2;PIK3C3;SLC11A1;HLA-F;APLP2;ATP7A;TAPBP;TAP2;RAC2;SNAP23;STX4
prerank,Secretory Granule Lumen (GO:0034774),0.4415619416517679,2.0468443126065603,0.0,0.0,0.0,149/268,32.48%,CANT1;VCL;PSMD11;ANXA2;F8;PSMD12;S100A11;TUBB4B;PGAM1;PSMC2;TEX264;ARSA;B2M;DPP7;HSP90AA1;TMSB4X;CSTB;HEXB;FERMT3;PSMC3;DOCK2;IMPDH1;ERP44;SRP14;C3;PRKCD;CPPED1;TGFB1;VTI1B;ROCK1;PYGL;OSTF1;CLU;FUCA2;DYNC1H1;HMGB1;ACLY;AZU1;PPIA;DNAJC3;RNASE2;SPARC;PSMD2;THBS1;GUSB;FUCA1;CRACR2A;TOR4A;CSNK2B;APAF1;SRGN;XRCC5;CTSG;RAB27A;ACTN4;DYNLT1;S100A12;PSMD7;ACTR2;MAGED2;PYCARD;GNS;PSMA5;PF4;NEU1;CYB5R3;IGF1;CTSC;VCP;FCN1;S100A9;XRCC6;HUWE1;S100A8;SPTAN1;GLA;PKM;HSPA8;A2M;GPI;PSMD14;TRAPPC1;GRN;ARPC5;AGA;HPSE;SERPINB1;PRDX4;PSMD1;GYG1;KPNB1;CAB39;ACTR10;BIN2;LYZ;PSMD6;PTGES2;HSPA6;F13A1;PSMB1;GMFG;SERPINA1;MVP;CTSZ;PPBP;IDH1;QPCT;MAPK1;MNDA;PSMB7;UNC13D;GGH;GHRL;CTSH;GSTP1;GDI2;FAM3C;GSDMD;PSMD3;FGR;PAFAH1B2;CFD;NHLRC2;ACTR1B;TOLLIP;GLB1;CTSW;PNP;MAPK14;PDGFA;CXCL1;GM2A;ACAA1;S100P;PSMD13;CAMP;TUBB2A;MAN2B1;TIMP1;ATG7;CTSD;PRSS57;AMH;NRG1;CEP290;PDGFB;PSMA2;STK11IP;NPC2
prerank,Cytoplasmic Vesicle Lumen (GO:0060205),0.4892683806571805,2.0329499924630676,0.0,0.0,0.0,61/104,26.80%,VCL;PSMD11;PSMD12;S100A11;PGAM1;PSMC2;HSP90AA1;CSTB;PSMC3;IMPDH1;SRP14;C3;ROCK1;PYGL;OSTF1;HMGB1;PPIA;SERPINI1;PSMD2;CSNK2B;APAF1;XRCC5;DYNLT1;S100A12;PSMD7;PYCARD;PSMA5;VCP;FCN1;S100A9;XRCC6;HUWE1;S100A8;PKM;HSPA8;GPI;PSMD14;ARPC5;SERPINB1;PRDX4;GYG1;CAB39;BIN2;PSMD6;HSPA6;PSMB1;GMFG;MVP;IDH1;PSMB7;GHRL;CTSH;GSTP1;GDI2;PSMD3;FGR;PAFAH1B2;CFD;ACTR1B;PNP;MAPK14
prerank,Lysosomal Membrane (GO:0005765),0.43300565435663413,2.0242361934610686,0.0,0.0,0.0,189/325,32.76%,ANXA2;VPS33A;AHNAK;GNAI3;ATP13A2;AP2B1;HPS6;GPR137B;ABCC10;GLIPR1;C3AR1;SLC17A5;RAB7A;CLN3;VAPA;TMBIM1;ARL8A;RNF167;LAMP2;VAMP8;BLOC1S1;NAPG;MYO6;RAB2A;TMEM30A;ATP6V1C2;RAB44;DNAJC13;ATP6V0E1;SLC31A2;CHMP1A;ATP6V1E1;DNAJC5;ABCA5;SPAG9;SURF4;PHIP;GNB1;LAMTOR2;PLEKHF1;GNB2;AP1S2;ATG16L1;VTI1B;ATP6V1D;VPS13A;RAB14;CLU;BLOC1S2;ANXA6;IFITM2;MCOLN2;ATP6AP2;OSTM1;TMEM165;AZU1;ATRAID;SEC13;AP3D1;DDOST;AP1S1;NDUFC2;LRRC8A;RMC1;VLDLR;STOM;TCIRG1;CSF3R;AP2M1;ATP11B;SPPL2A;CPNE3;CHMP2A;RAB5C;ARL8B;LDLR;BORCS8;SLC2A8;VPS16;CLTA;WDR81;ATP6V0B;HGSNAT;TLR3;LMBRD1;RNF13;MAGT1;GNAO1;AP1S3;PI4K2A;PLD1;HSPA8;RRAGA;CHMP5;RAB37;GRN;SLC35F6;ATP6V0D1;ATP6V0C;NPC1;ANKFY1;ABCA2;CYBRD1;ATP6V0A2;AP2A1;BORCS6;SLC15A4;LAMP1;CLTC;RPTOR;HLA-DPA1;LAPTM4A;SLCO4C1;CD63;NFAM1;CMTM6;ABHD6;AP2S1;NKG7;LPCAT1;HLA-DQB2;SLC29A3;IFITM1;HLA-DRB1;LITAF;HLA-F;SLC36A1;STX7;VAMP7;GPR137;TPCN2;SLC38A9;MCOLN1;SNAP29;NPRL2;FPR1;B4GALT1;CP;VNN1;AP3M1;CHMP2B;MYO7A;VPS18;SLC38A7;TMEM179B;RAB3D;LAMTOR4;VPS11;CHMP4A;NSF;MTOR;AP1G1;PSAP;VPS41;RAP1B;TFEB;UBA1;STARD3NL;SPNS1;HLA-DRB5;SIDT2;ZFYVE26;FNIP1;ATP6V1A;SYNGR1;HLA-DQA2;AP1B1;PSEN2;SNAPIN;DAB2;NCSTN;ATP6V1C1;UBXN6;CTSD;BST2;ARRB1;GDAP2;LAMTOR5;ATP6V1H;AP5B1;WDR41;LAMTOR1;AP2A2;CD74;PSEN1;LNPEP;STK11IP;HLA-DRA;CHMP4C
prerank,Specific Granule Membrane (GO:0035579),0.5059126678604963,2.020927463446186,0.0,0.0,0.0,50/86,27.95%,RAP1A;PLAUR;TNFRSF1B;RAP2B;C3AR1;TMBIM1;VAMP8;ITGAV;SCAMP1;ANO6;TMEM30A;DGAT1;RAB44;KCNAB2;CD47;DNAJC5;PTPRJ;LAMTOR2;ATP6V1D;CLU;CLEC12A;PGRMC1;STOM;STK10;ITGB2;ITGAL;MLEC;ADAM8;CD53;HGSNAT;AGPAT2;PLD1;RAB37;CYBA;SLC15A4;BST1;FPR2;ITGAM;CD33;SLCO4C1;CMTM6;HMOX2;CD93;CD59;SLC27A2;PTPRB;SNAP23;UBR4;P2RX1;CD36
prerank,Cytoplasmic Vesicle Membrane (GO:0030659),0.4220563930468675,2.0138772710085524,0.0,0.0,0.0,170/346,28.78%,KIF1B;ITGB1;RAP1A;RAB18;CD58;VPS33A;RAB5A;LILRB3;RAB10;AP2B1;DYNC1LI1;MYD88;LGALS3;RAB7A;IQGAP2;TMBIM1;VAMP8;PTPRC;MFSD10;ITM2B;RHOG;ABCA3;DNAJC13;ATP6V0E1;DIAPH1;EHD1;ABHD17C;RAB26;HLA-B;TRAF6;VPS28;LAMTOR2;PLEKHF1;AP1S2;MDM2;ADRB2;VPS13A;VPS37A;ITPR3;COPB1;ATP6AP1;ZDHHC13;RAC1;TMEM184A;VAMP2;CLU;RHOU;RAB1A;WIPI1;HLA-C;RAB35;ATP6AP2;VPS4A;RAB11A;TMEM165;RAB6A;CD14;AP3D1;VPS26A;AP1S1;RIPK1;VPS4B;SGSM1;TCIRG1;ABHD17A;SLC30A1;CSF3R;AP2M1;IGF2R;WLS;SPPL2A;CXCR1;PAM;TMED10;MVB12B;ARHGAP1;RHOF;LDLR;VPS16;TFRC;RHOA;ADGRE5;ATP6V0B;PSENEN;ENTPD7;TLR3;DNM2;GNAO1;TICAM1;AP1S3;PTCH1;RAB5B;ATP6V0D1;ATP6V0C;CAMK2B;SPIRE1;IQGAP1;ANKFY1;ATP6V0A2;AP2A1;TOR1A;ZNRF2;LAMP1;ACAP2;CORO1C;WNT5B;FRMPD3;IRAK4;SNX2;TSG101;VAMP5;VOPP1;HLA-DPA1;NTRK1;TAB3;CD63;SNX3;AP2S1;SIGLEC9;CXCR2;GGA2;HLA-DQB2;SLC30A5;PI4KA;HLA-DRB1;VAMP7;MRC1;TPCN2;MCOLN1;ADGRE3;APLP2;FPR1;B4GALT1;TEPSIN;NCKAP1L;DOK3;UBB;UBAP1;VPS18;TBC1D5;TMEM179B;VPS11;EHD3;CD93;AP1G1;VPS41;APPL1;HTT;SH3BP5;TLR4;SNF8;UBA1;VPS33B;IRAK1;HLA-DRB5;FCGR3B;SLA2;SNX1;SLC12A2;WDR83;ERBB2;SLC30A4;P2RX1;TYROBP;MVB12A;MAP3K7;CD36;HLA-DQA2;APH1A;AP1B1
prerank,Early Endosome Membrane (GO:0031901),0.49128112841923616,2.006200634570839,0.0,0.0,0.0,53/97,27.97%,ANXA1;ATP13A3;RAB5A;CD274;B2M;CLN3;SNX20;WASHC1;TMEM30A;DNAJC13;ZFYVE28;EHD1;HLA-A;SNX12;HLA-B;VTI1B;SPHK1;TMEM184A;RAB14;WASHC5;HLA-C;SNX6;HLA-E;ATP11B;WLS;MR1;RAB5C;TMEM163;WASHC3;WDR81;PI4K2A;ATP9A;RAB5B;LLGL1;SNX5;BOK;FCGR1A;PLD3;CMTM6;SNX3;GGA2;WASHC2C;RUFY1;LITAF;HLA-F;ATP7A;WASHC2A;VPS33B;NSG1;SNX1;SNX4;SLC31A1;MON2
prerank,Endoplasmic Reticulum Tubular Network (GO:0071782),0.5920462074894479,2.005767549147883,0.0,0.0,0.0,15/26,21.18%,RAB18;RAB10;ATL3;REEP5;LNPK;REEP4;PARP8;RTN4;RETREG3;KPNB1;STIMATE;STIM1;REEP3;RNF41;ATL1
prerank,Specific Granule (GO:0042581),0.4686878385640245,2.0054586559404894,0.0,0.0,0.0,82/142,33.07%,CANT1;VCL;RAP1A;PLAUR;TNFRSF1B;STXBP3;RAP2B;C3AR1;B2M;TMBIM1;VAMP8;ITGAV;SCAMP1;ANO6;TMEM30A;DGAT1;STXBP2;RAB44;DOCK2;KCNAB2;CD47;DNAJC5;PTPRJ;ERP44;STX3;LAMTOR2;ATP6V1D;CLU;CLEC12A;PGRMC1;ADAM10;CRACR2A;STOM;RAB27A;STK10;ITGB2;ITGAL;MLEC;ADAM8;NEU1;CD53;HGSNAT;AGPAT2;SPTAN1;PLD1;RAB37;HPSE;CYBA;KPNB1;SLC15A4;LYZ;BST1;FPR2;ITGAM;ANXA11;CD33;SLCO4C1;CMTM6;CTSZ;HMOX2;QPCT;GGH;GSDMD;CD93;TOLLIP;CD59;SLC27A2;PTPRB;SNAP23;UBR4;CXCL1;P2RX1;CD36;STX4;CAMP;CTSD;MOSPD2;CEP290;LAMTOR1;CYBB;GPR84;OSCAR
prerank,Lysosome (GO:0005764),0.4216854104473041,1.9902445326628517,0.0,0.0,0.0,254/446,32.82%,ANXA2;VPS33A;AHNAK;GNAI3;ATP13A2;HPS6;GPR137B;MYO5A;ABCC10;FYCO1;SLC17A5;ARSA;RAB7A;CLN3;RNF19B;HSP90AA1;DTX3L;TMBIM1;ARL8A;RNF167;LAMP2;VAMP8;HEXB;PLEKHM1;BLOC1S1;NAPG;SDC4;SYT11;MYO6;RAB2A;ATP6V1C2;STXBP2;DNAJC13;ATP6V0E1;SLC31A2;HPS1;CHMP1A;ATP6V1E1;DNAJC5;ABCA5;SPAG9;PRKCD;PHIP;GNB1;LAMTOR2;PLEKHF1;GNB2;AP1S2;ADRB2;VTI1B;ATP6V1D;VPS13A;IDS;ACP2;RAB14;CLU;FUCA2;VAMP4;TMEM59;ANXA6;IFITM2;MCOLN2;ATP6AP2;OSTM1;VPS4A;TMEM165;ATRAID;SEC13;EPG5;AP3D1;VPS26A;AP1S1;HYAL2;SNX6;GUSB;FUCA1;LRRC8A;RMC1;TPP1;VLDLR;ADA;TCIRG1;SRGN;CSF3R;AP2M1;CTSG;RAB27A;SPPL2A;GALC;CHMP2A;PRF1;RAB9A;RAB5C;ARL8B;LDLR;HGS;SLC2A8;ANKRD27;GNS;VPS16;CST7;NEU1;VCAN;CD164;GLMP;WDR81;EPDR1;CTSC;ATP6V0B;HGSNAT;TLR3;LMBRD1;RNF13;GPC1;GNAO1;PLA2G15;AP1S3;WDR45B;PI4K2A;ARSK;GLA;PLD1;HSPA8;RRAGA;CHMP5;GRN;AGA;HPSE;SLC35F6;ATP6V0D1;MFSD1;ATP6V0C;GYG1;NPC1;ANKFY1;NAGLU;CYBRD1;ATP6V0A2;RRAGC;SLC15A4;LAMP1;GNPTG;CLTC;SNX2;RPTOR;HLA-DPA1;LAPTM4A;MAN2B2;PIP4K2A;PLD3;CD63;GZMB;ABHD6;NKG7;UVRAG;SDC2;LRRK2;SLC11A1;RPS6KC1;CTSZ;CXCR2;BCL10;HLA-DQB2;SLC29A3;GNLY;RAB38;IFITM1;HLA-DRB1;LITAF;KCNE1;HLA-F;SLC36A1;STS;STX7;VAMP7;CPQ;VPS13C;GPR137;TPCN2;CTSS;SLC38A9;MCOLN1;NPRL2;USP4;CP;UNC13D;AP3M1;CHMP2B;MYO7A;HCK;VPS18;SLC38A7;CTSH;LAMTOR4;VPS11;CHMP4A;NSF;MTOR;AP1G1;PSAP;DRAM1;VPS41;CD34;SDC3;GLB1;TFEB;UBA1;CTSW;STARD3NL;TIAL1;VPS33B;SPNS1;HLA-DRB5;SIDT2;IFI30;USP6;ZFYVE26;SNX1;GM2A;SNX14;FNIP1;ATP6V1A;HLA-DQA2;AP1B1;SLC2A13;PSEN2;CD1D;BBC3;DAB2;NCSTN;MAN2B1;NEU4;ATP6V1C1;UBXN6;CTSD;PRSS16;ARRB1;GDAP2;LAMTOR5;ATP6V1H;AP5S1;AP5B1;WDR41;NRG1;LAMTOR1;CD74;PSEN1;LNPEP;AP5M1;STK11IP;NPC2;HLA-DRA;CHMP4C;TSC2
prerank,Golgi Membrane (GO:0000139),0.41464217069070813,1.9837274444433617,0.0,0.0003445308456439453,0.01,174/373,26.30%,ZDHHC8;OPTN;GNAI3;GOLGA5;RER1;SLC35C1;B4GALT5;B2M;HACE1;CHPF2;CLN3;VAPA;ARCN1;HS6ST1;CYTH1;USO1;ARF1;SLC35A2;GALNT10;PLEKHA3;RAB2A;GOLGA7;TMEM115;GBF1;ST8SIA4;CSGALNACT2;FUT4;ATP2C1;GALNT4;HLA-A;SURF4;CDC42;RAB26;GALNT7;HLA-B;GALNT8;AP1S2;HRAS;COG7;POMGNT1;ADAM17;SLC33A1;COPB1;CYTH2;ZDHHC13;FAM20C;GOLGB1;KDELR2;VAMP4;SLC9A8;CHST7;RAB1A;WIPI1;SH2D2A;GLIPR2;HLA-C;B3GALT4;B3GAT1;ARF3;NLRP3;COPE;LMAN1;SLC35B2;COPB2;RAB6A;ZDHHC7;MAN1A1;AP1S1;ST6GALNAC6;CHST11;HYAL2;COPA;RAB8A;SLC2A1;MGAT2;CREB3;TMED9;CHP1;TMED2;GCNT1;HLA-E;PITPNB;WLS;CHST12;TMED10;ACER3;GBP5;COG6;CHPF;LMAN2;PYCARD;SLC35A3;EXT2;GALNT6;WHAMM;CHSY1;ARFGAP3;FURIN;ZDHHC3;GBP2;TLR3;ST8SIA6;DNM2;GNAO1;MANEA;AP1S3;PI4K2A;COPZ1;PCSK7;C1GALT1C1;PLA2G4A;COPG1;CHST10;B4GALT2;ZDHHC5;APOO;RAB2B;TPST2;RAB1B;ATP2C2;ST3GAL4;B3GNT5;RNF125;MGAT1;HLA-DPA1;BSG;PTGES2;TNFRSF1A;PLD3;ACBD3;CYTH4;SCFD1;AGPAT3;SLC35A4;HLA-DQB2;RNF121;XYLT1;VTI1A;SLC30A5;PDGFD;HLA-DRB1;KRAS;STX6;GOLGA2;NOTCH2;HLA-F;COPZ2;SNAP29;SREBF2;B4GALT1;GALNT3;B4GALT6;GOLIM4;BLZF1;LFNG;TAPBP;ZDHHC2;IFT20;AP1G1;GNPTAB;MYMX;GRM6;SLC35B4;ZDHHC20;TMED7;SACM1L;CD59;GLG1;GBA2;NDST1;KDELR1;B4GALT3;HLA-DRB5;SLC35A1
prerank,Transport Vesicle Membrane (GO:0030658),0.5307087440672191,1.9825717779151826,0.0,0.00033376425671757196,0.01,28/50,21.05%,SAR1B;B2M;USO1;CNIH4;HLA-A;HLA-B;VTI1B;VAMP2;SEC16B;RAB1A;HLA-C;SEC13;LMAN1;TMED2;SEC23A;HLA-E;SEC24D;TMED10;SEC24A;GNAO1;SEC31A;HLA-DPA1;SEC24C;HLA-DQB2;VTI1A;SLC30A5;HLA-DRB1;HLA-F
prerank,Lytic Vacuole (GO:0000323),0.43489940438656105,1.979475198679633,0.0,0.000323650188332191,0.01,124/198,34.49%,VPS33A;ATP13A2;MYO5A;FYCO1;ARSA;RAB7A;CLN3;DTX3L;RNF167;LAMP2;PLEKHM1;SYT11;HPS1;ABCA5;PLEKHF1;ADRB2;IDS;ACP2;RAB14;CLU;FUCA2;VAMP4;TMEM59;ATP6AP2;VPS4A;EPG5;VPS26A;HYAL2;SNX6;FUCA1;TPP1;ADA;CTSG;RAB27A;GALC;RAB9A;ARL8B;LDLR;HGS;ANKRD27;VPS16;CST7;NEU1;CD164;GLMP;EPDR1;CTSC;PLA2G15;WDR45B;ARSK;GLA;HSPA8;RRAGA;GRN;AGA;HPSE;MFSD1;NPC1;NAGLU;RRAGC;LAMP1;CLTC;SNX2;RPTOR;MAN2B2;PIP4K2A;UVRAG;LRRK2;SLC11A1;RPS6KC1;CTSZ;BCL10;RAB38;KCNE1;STS;STX7;CPQ;VPS13C;TPCN2;CTSS;SLC38A9;MCOLN1;USP4;UNC13D;AP3M1;CHMP2B;HCK;VPS18;CTSH;LAMTOR4;VPS11;MTOR;PSAP;DRAM1;VPS41;CD34;CTSW;TIAL1;VPS33B;SIDT2;IFI30;USP6;ZFYVE26;SNX1;SNX14;SLC2A13;CD1D;BBC3;MAN2B1;NEU4;CTSD;PRSS16;LAMTOR5;AP5S1;LAMTOR1;AP5M1;NPC2;HLA-DRA;TSC2;ARSG;NAAA;CD68;TMEM175;RB1CC1
prerank,Tertiary Granule (GO:0070820),0.4416931550672843,1.9655755211000487,0.0,0.0006282621302919002,0.02,101/146,40.22%,CANT1;CD58;DYNC1LI1;STXBP3;RAP2B;LGALS3;DYNLL1;B2M;ARL8A;LAMP2;VAMP8;CSTB;ANO6;GOLGA7;STXBP2;KCNAB2;DIAPH1;CD47;CYSTM1;LAMTOR2;COPB1;RAC1;RAB14;CLU;VPS35L;ATP6AP2;NBEAL2;CLEC12A;STOM;TCIRG1;ITGB2;FTH1;NFASC;ADAM8;RHOA;CD53;LILRB2;PRSS3;ENPP4;HGSNAT;SPTAN1;PLD1;ATP6V0C;CYBA;LAMP1;LYZ;FRMPD3;FPR2;ITGAM;CST3;CD300A;CD33;SLC11A1;PPBP;IDH1;QPCT;STX7;CTSS;ADGRE3;FPR1;NCKAP1L;GGH;DOK3;TMEM179B;CTSH;PGM1;GSDMD;CD93;MGAM;STBD1;CD59;PTPRB;SNAP23;UBR4;CXCL1;CAMP;CTSD;LAMTOR1;AP2A2;CYBB;GPR84;OSCAR;ITGAX;TBC1D10C;ATP8B4;FCER1G;ASAH1;LAIR1;SIGLEC14;CLEC4C;CLEC5A;SERPINB6;NRAS;ALDOA;PTAFR;HP;RAP2C;QSOX1;DSP;CHIT1;LAMTOR3
prerank,Endocytic Vesicle Membrane (GO:0030666),0.4408185330138204,1.961955823359653,0.0,0.0006103117837121316,0.02,66/134,28.36%,M6PR;RAB5A;AP2B1;ATG5;RAB7A;B2M;VAMP8;ATP6V0E1;HLA-A;HLA-B;MDM2;ADRB2;VAMP2;VAMP4;TAP1;HLA-C;RAB35;EREG;TCIRG1;HLA-E;CALR;CSF3R;AP2M1;IGF2R;WLS;FZD4;VAMP3;LDLR;SLC2A8;TFRC;ATP6V0B;ENTPD7;DNM2;GNAO1;PTCH1;ATP6V0D1;ATG12;ATP6V0C;CYBA;CAMK2B;ATP6V0A2;AP2A1;WNT5B;CLTC;FCGR1A;HLA-DPA1;AP2S1;PIK3C3;SLC11A1;HLA-DQB2;HLA-DRB1;HLA-F;VAMP7;UBB;ATP7A;FZD2;TAPBP;TAP2;RAC2;CD3D;HLA-DRB5;SNAP23;CD3G;CD36;STX4;HLA-DQA2
prerank,Endocytic Vesicle (GO:0030139),0.4337359430815504,1.9439660275005204,0.0,0.0008900380179135254,0.03,79/178,24.37%,RAB22A;RAB5A;AP2B1;RAB11FIP5;ECPAS;RAB7A;HSP90AA1;RAPGEF2;ITGAV;SH3KBP1;SYT11;MYO6;RAB8B;PICALM;EHD1;ARF6;MDM2;TIRAP;SPHK1;RAB14;ARRB2;RIN2;FMNL1;RAB35;HCLS1;RAB11A;STX12;EHD4;SPARC;HYAL2;HYOU1;ITGB5;RAB8A;PDIA3;NOD2;CALR;VPS9D1;CSF3R;AP2M1;IGF2R;WLS;RAB9A;HSP90B1;CLTA;CLTB;ENTPD7;LMBRD1;DNM2;GNAO1;PTCH1;PLD1;RAB5B;AMOT;CAMK2B;MTSS1;ZDHHC5;AP2A1;WNT5B;CLTC;HLA-DPA1;ANXA11;RAB11FIP3;RAB11FIP4;AP2S1;HLA-DQB2;RAB38;AVPR1A;HLA-DRB1;STX7;VAMP7;CTSS;CORO1A;UBB;GOLIM4;MPEG1;VPS11;EHD3;MTOR;CEMIP
prerank,Filopodium (GO:0030175),0.5031455440083661,1.942137470500317,0.0,0.0008659829363482951,0.03,23/47,21.12%,RDX;ITGB1;ACTA2;DAG1;SYNE2;PODXL;IQGAP2;ITGAV;TWF1;CDC42;RAPGEF3;ARF6;LCP1;CD302;EZR;UTRN;SHTN1;MSN;NF2;PPP1R9B;TWF2;FMR1;SPATA13
prerank,Lytic Vacuole Membrane (GO:0098852),0.4195638400396783,1.9357616204970822,0.0,0.0014053231861792506,0.04,148/261,32.76%,ANXA2;VPS33A;AHNAK;GNAI3;ATP13A2;HPS6;GPR137B;ABCC10;SLC17A5;RAB7A;CLN3;TMBIM1;ARL8A;RNF167;LAMP2;VAMP8;BLOC1S1;NAPG;MYO6;RAB2A;ATP6V1C2;DNAJC13;ATP6V0E1;SLC31A2;CHMP1A;ATP6V1E1;DNAJC5;ABCA5;SPAG9;PHIP;GNB1;LAMTOR2;PLEKHF1;GNB2;AP1S2;VTI1B;ATP6V1D;VPS13A;RAB14;CLU;ANXA6;IFITM2;MCOLN2;ATP6AP2;OSTM1;TMEM165;ATRAID;SEC13;AP3D1;AP1S1;LRRC8A;RMC1;VLDLR;TCIRG1;CSF3R;AP2M1;SPPL2A;CHMP2A;RAB5C;ARL8B;SLC2A8;VPS16;WDR81;ATP6V0B;HGSNAT;TLR3;LMBRD1;RNF13;GNAO1;AP1S3;PI4K2A;PLD1;HSPA8;RRAGA;CHMP5;GRN;SLC35F6;ATP6V0D1;ATP6V0C;NPC1;ANKFY1;CYBRD1;ATP6V0A2;SLC15A4;LAMP1;RPTOR;HLA-DPA1;LAPTM4A;CD63;ABHD6;HLA-DQB2;SLC29A3;IFITM1;HLA-DRB1;LITAF;HLA-F;SLC36A1;STX7;VAMP7;GPR137;TPCN2;SLC38A9;MCOLN1;NPRL2;CP;AP3M1;CHMP2B;MYO7A;VPS18;SLC38A7;LAMTOR4;VPS11;CHMP4A;NSF;MTOR;AP1G1;PSAP;VPS41;TFEB;UBA1;STARD3NL;SPNS1;HLA-DRB5;SIDT2;ZFYVE26;FNIP1;ATP6V1A;HLA-DQA2;AP1B1;PSEN2;DAB2;NCSTN;ATP6V1C1;UBXN6;CTSD;ARRB1;GDAP2;LAMTOR5;ATP6V1H;AP5B1;WDR41;LAMTOR1;CD74;PSEN1;LNPEP;STK11IP;HLA-DRA;CHMP4C
prerank,COPII Vesicle Coat (GO:0030127),0.6493962199888694,1.9211487112144339,0.0,0.0013692892583285004,0.04,12/15,25.09%,SAR1B;PEF1;SEC13;SEC23A;SEC24D;SEC24A;SEC23B;SEC31A;SEC24C;SAR1A;PDCD6;TMED7
prerank,Protein Phosphatase Type 2A Complex (GO:0000159),0.6398069354990481,1.9168447808426938,0.0,0.001335057026870288,0.04,13/16,25.54%,PPP2R5C;PPP2R5B;PPP2R1B;PPP2R2B;PPP2R3A;PPP2R5A;PTPA;PPP2R5D;PPP2R2C;PPP2R2A;PPP2R1A;PPP2R5E;PPP2CA
prerank,Late Endosome Membrane (GO:0031902),0.4629801475773957,1.906469065100344,0.0,0.001562993592433508,0.05,41/75,26.30%,ATP13A3;ANXA2;ATP13A2;RAB7A;LAMP2;VAMP8;TMEM30A;SLC31A2;CHMP1A;LAMTOR2;VTI1B;RAB27B;ANXA6;SLC9A8;IFITM2;SLC9A9;RMC1;VPS36;RAB27A;CHMP2A;MR1;WDR81;RNF13;CHMP5;LAPTM4A;PLD3;CD63;ABHD6;SLC11A1;SLC29A3;VTI1A;HLA-DRB1;LITAF;VAMP7;CHMP2B;LAMTOR4;CHMP4A;VPS41;SNF8;STARD3NL;HLA-DRB5
prerank,Nuclear Chromosome (GO:0000228),0.4562913906492097,1.9056936006436473,0.0,0.0015257794592803294,0.05,56/88,36.32%,NCAPG2;CHD1;EXOSC9;IK;CHMP1A;GINS3;PSMC3IP;YY1;MCRS1;BRMS1;ANP32E;NCAPH;BAZ1A;ZNHIT1;CDC45;SMC4;CHEK1;NCAPH2;TERF2IP;PBRM1;RAD51;ACTR8;SMCHD1;SRCAP;GINS1;BRMS1L;SUDS3;INO80E;ACTR5;NCAPG;UCHL5;HNRNPU;SETX;SUV39H1;KAT5;GINS2;SPIDR;BRD4;SF3B3;TUBG1;INO80;INO80B;MCM4;SMC1A;KIFAP3;RUVBL1;LRIF1;HDAC8;CFDP1;RGS12;ING3;TOP1;MCM5;BIRC5;RUVBL2;MCM6
prerank,Tertiary Granule Membrane (GO:0070821),0.4765705725724405,1.8831153859597773,0.0,0.0019870616213883354,0.07,49/68,39.22%,RAP2B;DYNLL1;VAMP8;ANO6;KCNAB2;CD47;CYSTM1;LAMTOR2;COPB1;RAB14;CLU;ATP6AP2;NBEAL2;CLEC12A;STOM;ITGB2;ADAM8;CD53;LILRB2;HGSNAT;PLD1;ATP6V0C;CYBA;FRMPD3;FPR2;ITGAM;CD300A;CD33;SLC11A1;CD93;MGAM;STBD1;CD59;PTPRB;SNAP23;UBR4;CYBB;GPR84;ITGAX;ATP8B4;FCER1G;LAIR1;SIGLEC14;CLEC4C;CLEC5A;SERPINB6;NRAS;PTAFR;RAP2C
prerank,Ficolin-1-Rich Granule Membrane (GO:0101003),0.49058700935170096,1.8823962748831409,0.0,0.0019419011299931462,0.07,32/56,24.50%,CD58;DYNC1LI1;LGALS3;DYNLL1;ARL8A;LAMP2;DIAPH1;COPB1;RAC1;CLU;VPS35L;ATP6AP2;NBEAL2;TCIRG1;ITGB2;NFASC;RHOA;LILRB2;ENPP4;ATP6V0C;LAMP1;FPR2;CD300A;SLC11A1;ADGRE3;FPR1;NCKAP1L;DOK3;TMEM179B;CD93;MGAM;STBD1
prerank,Vacuolar Lumen (GO:0005775),0.4150834822671695,1.8797856659346455,0.0,0.001898747771548854,0.07,76/136,36.09%,ANXA2;ATP13A2;TUBB4B;ARSA;DPP7;HSP90AA1;LAMP2;HEXB;SDC4;IMPDH1;C3;PRKCD;CPPED1;IDS;FUCA2;DYNC1H1;ACLY;AZU1;DNAJC3;RNASE2;GUSB;FUCA1;TPP1;CTSG;GALC;ACTR2;PYCARD;GNS;NEU1;VCAN;CYB5R3;CTSC;VCP;GPC1;GLA;HSPA8;TRAPPC1;GRN;AGA;HPSE;PSMD1;GYG1;NAGLU;ACTR10;LYZ;MAN2B2;PTGES2;PLD3;SDC2;CTSS;MAPK1;MNDA;UNC13D;GGH;GDI2;PSAP;TOLLIP;SDC3;GLB1;IFI30;GM2A;TUBB2A;MAN2B1;NEU4;CTSD;PRSS57;CD74;STK11IP;NPC2;NAAA;GALNS;OMD;FTL;IST1;ARSB;ASAH1
prerank,Clathrin-Coated Endocytic Vesicle Membrane (GO:0030669),0.48598619094733714,1.877318575450652,0.0,0.0023218383076005007,0.08,33/54,32.63%,M6PR;RAB5A;AP2B1;VAMP8;VAMP2;VAMP4;RAB35;EREG;AP2M1;IGF2R;FZD4;VAMP3;LDLR;SLC2A8;TFRC;GNAO1;AP2A1;CLTC;FCGR1A;HLA-DPA1;AP2S1;HLA-DQB2;HLA-DRB1;VAMP7;FZD2;CD3D;HLA-DRB5;CD3G;HLA-DQA2;TGOLN2;AP2A2;CD74;HLA-DRA
prerank,Actin-Based Cell Projection (GO:0098858),0.4574908629678945,1.8706646230185926,0.0,0.0027269249910542056,0.1,29/65,22.76%,RDX;ITGB1;ACTA2;DAG1;MYO1G;PODXL;IQGAP2;SPN;SLC9A3R1;TWF1;CDC42;RAPGEF3;TGFB1;LCP1;CD302;MYO1F;EZR;HYAL2;UTRN;SLC27A4;SHTN1;MSN;NF2;PPP1R9B;LRRK2;TWF2;WWOX;SPATA13;MYO7A
prerank,Lumenal Side Of Endoplasmic Reticulum Membrane (GO:0098553),0.5797927284222435,1.8585913886424525,0.0,0.003115133062697339,0.11,19/24,32.63%,HLA-A;HLA-B;HLA-C;CANX;HLA-E;CALR;SPPL2A;GNAO1;PKD2;HLA-DPA1;HLA-DQB2;HLA-DRB1;HLA-F;TAPBP;HM13;HLA-DRB5;HLA-DQA2;CD74;HLA-DRA
prerank,Clathrin-Coated Endocytic Vesicle (GO:0045334),0.46736301993792523,1.855865060842147,0.0,0.0030515589185606587,0.11,39/67,32.63%,M6PR;RAB5A;AP2B1;VAMP8;MYO6;PICALM;VAMP2;VAMP4;RAB35;EREG;AP2M1;IGF2R;FZD4;VAMP3;LDLR;SLC2A8;TFRC;CLTA;CLTB;LMBRD1;GNAO1;AP2A1;CLTC;FCGR1A;HLA-DPA1;AP2S1;HLA-DQB2;HLA-DRB1;VAMP7;FZD2;CEMIP;CD3D;HLA-DRB5;CD3G;HLA-DQA2;TGOLN2;AP2A2;CD74;HLA-DRA
prerank,Clathrin-Coated Vesicle Membrane (GO:0030665),0.45664564920183615,1.8537062309714976,0.0,0.0029905277401894455,0.11,41/71,32.63%,M6PR;RAB5A;AP2B1;VAMP8;DNAJC5;VAMP2;VAMP4;RAB35;EREG;AP2M1;IGF2R;FZD4;VAMP3;LDLR;SLC2A8;TFRC;CLTA;CLTB;GNAO1;HSPA8;AP2A1;CLTC;FCGR1A;HLA-DPA1;AP2S1;HLA-DQB2;HLA-DRB1;VAMP7;EPN2;FZD2;AP1G1;DENND1A;CD3D;HLA-DRB5;EPN1;CD3G;HLA-DQA2;TGOLN2;AP2A2;CD74;HLA-DRA
prerank,Protein Serine/Threonine Phosphatase Complex (GO:0008287),0.5600960195820291,1.8432546912435521,0.0,0.003560152071654101,0.13,21/27,30.72%,PPP4R2;PPP2R5C;PPP2R5B;PPP2R1B;PPP2R2B;PPP4C;PPP2R3A;PPP4R1;PPP2R5A;PTPA;PPP2R5D;PPP3CC;PPP2R2C;PPP2R2A;PPP2R1A;PPP2R5E;PPP3R1;PPP2CA;PPP3CA;PPP4R3A;PPP3CB
prerank,Microtubule Cytoskeleton (GO:0015630),0.39458522362968723,1.841224895229313,0.0,0.0034916876087376764,0.13,168/294,37.60%,NDRG1;KIF1B;DYNC1I2;CLIP1;CASP1;DNAJA1;GAPDH;TUBB4B;TUBA1C;TBCD;KIF5B;KATNAL1;MARK4;MACF1;KIF19;KIF21A;KIF3A;ZBTB49;ARL3;MAP4;TBCB;KCNAB2;TUBA8;RUSC1;CDC27;KATNA1;TUBA1B;KIFC2;DCUN1D5;CDK2AP2;PHIP;TAOK1;SLAIN2;DCTN1;DYNC1H1;TPPP3;KIF21B;KIF13B;FAM161B;NUAK1;ACTR1A;TCP11L1;KIF3C;MAPT;PTPN7;SYNJ1;APC2;DPYSL2;TMEM250;CHP1;CAMSAP1;DNM1L;PSRC1;AKNA;MAPRE1;JTB;DYNC2H1;NINL;KIF1C;PYCARD;KIF3B;AKT1;INCENP;PRKCI;SHTN1;MAP2K2;DNM2;SPTAN1;CCSER2;SKA1;CCSAP;MAP7D1;ESRRA;OPA1;AGBL5;IQGAP1;TUBA1A;MAST2;CSNK1A1;MAP3K11;CENPE;AURKA;TTLL3;CLTC;HDAC6;ANXA11;MAP1S;TUBA4A;SPAST;DPP9;SIRT2;CKAP5;CDK5RAP2;CXCR2;TEKT2;KIF22;CDCA8;ANAPC5;RBM39;RACGAP1;MAEA;CSNK1D;ARHGEF2;KIFC1;MAD2L2;PPP2R1A;POLB;NEDD9;GTSE1;TTK;PLK1;RASSF1;FBXO5;KIF14;ACTR1B;SPATA7;PPP2CA;TPX2;HASPIN;KIFC3;KIF11;SPAG6;CDK16;TUBG1;KIF23;KIFAP3;KIF18A;CLASP1;BUB1B;CDK5;TPPP;KLHL4;FAM83D;FHDC1;TUBB2A;CCAR2;CCT5;CLIC4;AURKC;CLASP2;ADCY10;MTUS2;EML4;HMMR;CCT6A;MZT1;TUBGCP3;TUBB4A;PIK3R4;ARL6;APC;CKAP2L;BIRC5;KIF20B;NISCH;KATNB1;PRC1;ANAPC7;KIF5A;CLTCL1;NUDC;CKAP2;MAPRE2;DTNBP1;TTLL1;CTDP1;MEFV;CBX1
prerank,Endolysosome Membrane (GO:0036020),0.6175380869588616,1.839719977234112,0.0,0.0034258067104596065,0.13,12/17,21.44%,AP2B1;RNF167;ATG16L1;AP2M1;LDLR;CLTA;TLR3;AP2A1;SLC15A4;CLTC;AP2S1;TPCN2
prerank,trans-Golgi Network Membrane (GO:0032588),0.4245235948878192,1.838257154644969,0.0,0.003362365845451096,0.13,53/92,34.58%,SCAMP2;M6PR;CLBA1;SCAMP1;AP1S2;COG7;VAMP4;SLC9A8;TMEM165;RAB6A;AP1S1;RAB8A;IGF2R;RAB9A;COG6;VAMP3;CLTA;STX10;GNAO1;AP1S3;ATP9A;LLGL1;AP4M1;ATP2C2;BOK;CLTC;HLA-DPA1;HLA-DQB2;VTI1A;LGR6;HLA-DRB1;STX6;TEPSIN;ATP7A;SCAMP4;SCAMP3;AP1G1;CABP7;NDST1;HLA-DRB5;NSG1;HLA-DQA2;AP1B1;AP4B1;ARFIP1;COG3;VPS53;CD74;HLA-DRA;SLC30A6;ARL1;RHOBTB3;AP4E1
prerank,Vacuolar Membrane (GO:0005774),0.4642969975539629,1.8359155782849883,0.0,0.0033012319209883485,0.13,28/53,24.30%,TEX264;VMP1;CCDC115;CHMP1A;SH3GLB1;MAP1LC3B;ATG16L1;WIPI1;ATP6AP2;VPS4A;GABARAPL1;TCIRG1;CHMP2A;MAP1LC3B2;WDR81;ATP6V1F;CHMP5;ATP6V0D1;ATG16L2;ATP6V0A2;ULK1;UVRAG;TMEM199;SLC36A1;NPRL2;CHMP2B;CHMP4A;MAP1LC3A
prerank,Endoplasmic reticulum-Golgi Intermediate Compartment Membrane (GO:0033116),0.4811977085056318,1.8184427121770341,0.0,0.003814448648200823,0.16,26/44,29.08%,F8;CNIH4;TAP1;LMAN1;TMED9;TMED2;CALR;TMED10;WHAMM;CTSC;RAB1B;MGAT1;SERPINA1;UVRAG;CTSZ;TMEM199;GOLGA2;CSNK1D;TAPBP;TAP2;TMED7;CD59;KDELR1;YKT6;GALNT1;TBC1D20
prerank,Spindle Microtubule (GO:0005876),0.44920198782292187,1.815052384887035,0.0,0.0039349049213019014,0.17,40/66,30.36%,HAUS2;CALM1;KIF3A;PAFAH1B1;CHMP1A;HAUS1;SKA2;TTL;CALM2;RAB11A;PARP4;PSRC1;CHMP2A;KIF3B;RMDN3;KIF18B;ZWILCH;CHMP5;SKA1;CENPE;AURKA;CLTC;MAP1S;CSNK1D;HNRNPU;CDK1;CHMP2B;POLB;CHMP4A;PLK1;ZW10;KIF11;TUBG1;KIFAP3;KIF18A;CLASP1;HAUS3;KIF4A;AURKC;CLASP2
prerank,Microtubule (GO:0005874),0.4101921865449593,1.8034184699356413,0.0,0.004419499123432678,0.19,81/163,30.36%,NDRG1;KIF1B;DYNC1I2;CLIP1;CASP1;TUBB4B;TUBA1C;TBCD;KIF5B;KATNAL1;CALM1;MACF1;KIF19;KIF21A;KIF3A;ARL3;MAP4;KCNAB2;TUBA8;TUBA1B;KIFC2;CDK2AP2;SKA2;TTL;CALM2;DCTN1;DYNC1H1;TPPP3;KIF21B;KIF13B;TCP11L1;KIF3C;MAPT;SYNJ1;PARP4;DPYSL2;CAMSAP1;DNM1L;PSRC1;MAPRE1;DYNC2H1;KIF1C;PYCARD;KIF3B;RMDN3;MAP2K2;DNM2;SKA1;OPA1;IQGAP1;TUBA1A;MAP3K11;CENPE;AURKA;HDAC6;MAP1S;TUBA4A;DPP9;SIRT2;CDK5RAP2;KIF22;CSNK1D;ARHGEF2;KIFC1;CDK1;POLB;PLK1;KIF14;KIF11;TUBG1;KIF23;KIFAP3;CLASP1;CDK5;TPPP;KIF4A;FHDC1;TUBB2A;CCT5;AURKC;CLASP2
prerank,Golgi-associated Vesicle (GO:0005798),0.5099487431105119,1.7981574216151095,0.0,0.004344592358628735,0.19,20/36,24.56%,CCDC115;ITM2B;RAB8B;COPB1;RAB27B;ZDHHC13;RAB14;RAB8A;TMED9;TMED2;IGF2R;SPPL2A;TMED10;FURIN;LRRK2;SCFD1;PI4KA;SPG21;ATP7A;CHIC2
prerank,trans-Golgi Network (GO:0005802),0.383295946321351,1.7957581176510218,0.0,0.004272182485984923,0.19,118/212,35.90%,SCAMP2;OPTN;M6PR;RAB10;GPR108;ECPAS;MYO18A;CLBA1;CLN3;CCDC186;SCAMP1;YIPF6;SYT11;INPP5K;PLEKHA3;GBF1;FUT4;ATP2C1;TBC1D23;GOLGA4;PHIP;AP1S2;COG7;RAC1;GOLPH3;VAMP2;VAMP4;SLC9A8;STX8;WIPI1;PHETA2;RAB11A;TMEM165;RAB6A;AP1S1;RAB8A;SLC10A7;GCNT1;GOLGA1;MS4A6A;IGF2R;WLS;RAB9A;COG6;VAMP3;CLTA;STX10;FURIN;ARL5A;GNAO1;AP1S3;BIRC6;PI4K2A;ATP9A;PCSK7;GRN;LLGL1;AP4M1;ATP2C2;PLEKHJ1;BOK;CLTC;HLA-DPA1;GGA2;HLA-DQB2;RAB29;VTI1A;RAB38;LGR6;HLA-DRB1;STX6;VAMP7;ARAP1;TEPSIN;MS4A4A;ATP7A;SCAMP4;SCAMP3;AP1G1;ARL5B;CABP7;NDST1;MICALL1;EIPR1;HLA-DRB5;NSG1;PHETA1;ATP8B3;TGFBI;FAM91A1;SLC39A9;KLHL20;HLA-DQA2;AP1B1;AP4B1;ARFIP1;YIPF1;CORO7;COG3;YIPF5;CLASP2;TGOLN2;TJAP1;VPS53;CD74;RAB32;HLA-DRA;PIK3C2A;SLC30A6;ARL1;ATP8B4;RHOBTB3;AP4E1;ARFGEF1;HLA-DQA1;ATXN2;TRAPPC6B;GSAP
prerank,Polymeric Cytoskeletal Fiber (GO:0099513),0.40562557913749897,1.794368397307461,0.0,0.004202146707526153,0.19,91/220,22.92%,NDRG1;KIF1B;ANXA1;DYNC1I2;DIAPH2;CLIP1;CASP1;ACTN3;TUBB4B;MYO5A;TUBA1C;TBCD;KIF5B;KATNAL1;WAS;MACF1;KIF19;KIF21A;KIF3A;MYO6;MAP4;TWF1;KCNAB2;TUBA8;DIAPH1;TUBA1B;KIFC2;CDK2AP2;TPM3;LCP1;RAC1;DCTN1;DYNC1H1;TPPP3;KIF21B;KIF13B;TMOD1;TCP11L1;KIF3C;MAPT;GAS2L1;SYNJ1;EZR;TPM1;APC2;DPYSL2;CAMSAP1;TPM4;DNM1L;PLEC;AKNA;MAPRE1;DYNC2H1;BFSP1;KIF1C;PYCARD;KIF3B;SYNM;PSTPIP2;MICAL2;VIM;MAP2K2;PALLD;DNM2;PSTPIP1;SLC1A4;AMOT;MYO9B;OPA1;IQGAP1;TUBA1A;MAP3K11;WIPF1;CENPE;HDAC6;MAP1S;TUBA4A;DPP9;SIRT2;CDK5RAP2;TWF2;KIF22;HLA-DRB1;ARHGEF2;KIFC1;RTN2;CORO1A;ACTG1;HCK;PPL;POLB
prerank,Cul4-RING E3 Ubiquitin Ligase Complex (GO:0080008),0.525109383548871,1.7707393977934591,0.0,0.004995697261837207,0.22,16/30,23.08%,CUL4A;DDA1;RBX1;FBXW5;DDB1;DCAF15;DDB2;DCAF4L1;DCAF12;GLMN;CRBN;TNFSF13B;WDTC1;DCAF5;TRPC4AP;DCAF7
prerank,Core Mediator Complex (GO:0070847),0.5371459248261234,1.757159129537734,0.0,0.006103117837121317,0.28,15/23,27.64%,MED31;MED16;MED21;MED10;MED4;MED15;MED8;MED27;MED30;MED29;MED19;MED23;MED18;MED14;MED20
prerank,U2 snRNP (GO:0005686),0.548876464076679,1.7509964058864764,0.0,0.006675285134351439,0.29,12/24,13.29%,SF3B6;SF3B4;PHF5A;DDX46;SNRPB2;SNRPG;SF3B1;SF3A2;SNRPB;SNIP1;SF3B2;SF3B5
prerank,Vesicle Membrane (GO:0012506),0.44042323753475476,1.750105288596911,0.0,0.006572588439976802,0.29,33/60,31.30%,KIF1B;RAB10;MFSD10;AP1S2;TMEM184A;CLU;SLC26A6;RAB11A;SYNJ1;ANXA4;AP1S1;GIPC1;SGSM1;SLC30A1;ENTPD7;AP1S3;SPIRE1;TOR1A;ZNRF2;VAMP5;VOPP1;AP1G1;APPL1;HTT;SH3BP5;ASPSCR1;SLC12A2;AP1B1;DGKQ;TRARG1;ARRB1;NOS1;SPIRE2
prerank,Golgi Cis Cisterna (GO:0000137),0.5548185297613345,1.7496754739728841,0.0,0.006796653954976012,0.3,12/16,32.61%,TMEM59;LLGL1;GOLGA8O;XYLT1;SLC30A5;GOLGA2;GOLGA8N;GOLGA8M;SLC30A7;GOLGA8H;GOLGA8Q;GOLGA8S
prerank,MHC Protein Complex (GO:0042611),0.5592076994827827,1.7483260264645628,0.012987012987012988,0.007014030947139425,0.32,15/19,35.60%,HLA-A;HLA-B;HLA-C;HLA-E;GNAO1;HLA-DPA1;HLA-DQB2;HLA-DRB1;HLA-F;HLA-DRB5;HLA-DQA2;CD74;HLA-DRA;HLA-DMA;HLA-DQA1
prerank,Membrane Raft (GO:0045121),0.39825334294025594,1.741454708750866,0.0,0.007853276628648752,0.34,74/140,32.10%,ORAI1;ITGB1;S100A10;ANXA2;FAS;AHNAK;TNFRSF1B;CAPN2;ATP2B4;CD226;PRKAR2A;RAP2B;MYADM;PRNP;DYNLL1;CLN3;PTPRC;SELPLG;GAB2;PPP2R1B;ADAM17;JAK2;MAPT;EZR;STX12;FYN;CD14;HYAL2;TNF;TPP1;STOM;LAX1;ITGB2;TGFBR1;FAIM2;FURIN;CAVIN2;GPC1;PGK1;SKAP1;PI4K2A;SORBS1;PLSCR1;ZAP70;SLC1A2;STIM1;ITGAM;TNFRSF1A;NFAM1;CD8A;SLC9A1;ITLN1;ARID3A;PRKAR1A;RFTN1;MS4A4A;CARD11;KCNE3;RAP1B;PPP2CA;ERLIN1;CBLB;CD36;PSEN2;STOML2;AKAP5;CTSD;RTN4R;LAT2;NOS1;TLR2;LAMTOR1;TLR6;PSEN1
prerank,Clathrin Adaptor Complex (GO:0030131),0.5604949305986546,1.731527200041814,0.02857142857142857,0.009132564009895303,0.4,12/18,31.87%,AP2B1;CLBA1;AP1S2;AP1S1;STON1;AP2M1;AP1S3;AP2A1;AP2S1;AP1G1;AP1B1;AP2A2
prerank,Endoplasmic Reticulum Lumen (GO:0005788),0.3650079523897903,1.7231989069187763,0.0,0.009459832647538042,0.43,101/218,31.84%,TSPO;PLAUR;F8;KTN1;DAG1;LGALS1;VCPIP1;CES1;ARSA;B2M;COL8A1;ERP44;C3;P4HA2;ADAM17;FAM20C;FUCA2;SHISA5;RCAN1;COLGALT2;PDIA6;ERLEC1;PPIB;UGGT1;DNAJC3;THBS1;TOR1B;FGF23;HYOU1;PDIA3;ADAM10;P4HB;TOR4A;DNAJB11;CANX;NUCB1;OS9;SELENOF;CALR;MANF;APOL1;TXNDC12;TNC;HSP90B1;HSPA5;VCAN;CTSC;MYDGF;CCNA2;ARSK;PRSS23;MINPP1;TOR3A;CALU;ADAMTS5;TOR1A;MELTF;WNT5B;RDH5;TOR2A;GOLM1;CST3;SPON1;COL6A2;SERPINA1;COL15A1;SDC2;MIA3;JMJD8;CTSZ;ARSD;PDGFD;LTBP1;STS;LRPAP1;MAPK1;APLP2;CP;P4HA1;CRTAP;GHRL;MZB1;TSPAN5;CHGB;SLC27A2;SUMF1;PDGFA;COL13A1;MEN1;COL19A1;FBN1;TIMP1;ANO8;DNAJC10;IGFBP3;TGOLN2;P3H1;COL5A3;P4HA3;PDGFB;IGFBP7
prerank,Cytoplasmic Dynein Complex (GO:0005868),0.6101639368982492,1.72177170103593,0.01282051282051282,0.009326595567995252,0.43,8/15,11.00%,DYNC1I2;DYNC1LI1;DYNLL1;DYNLRB1;DYNC1LI2;TPR;DYNLT1;DYNC2H1
prerank,Cortical Actin Cytoskeleton (GO:0030864),0.4781007069121537,1.714835695232359,0.0,0.009345399188092015,0.44,15/40,15.55%,RDX;ACTN3;CAPN2;MYADM;DYNLL1;SPTB;RAPGEF3;SPTBN5;SLC2A1;ACTN4;AKAP13;SPTAN1;LLGL2;LLGL1;WDR1
prerank,INO80-type Complex (GO:0097346),0.5103201905806776,1.714157923401968,0.0,0.009217380021131852,0.44,15/25,31.93%,YY1;MCRS1;ANP32E;ZNHIT1;ACTR8;SRCAP;INO80E;ACTR5;UCHL5;KAT5;INO80;INO80B;RUVBL1;CFDP1;ING3
prerank,Respiratory Chain Complex I (GO:0045271),0.46045072915823976,1.7050751724866824,0.012048192771084338,0.00982601971776532,0.48,23/40,34.90%,NDUFB10;NDUFA1;NDUFA6;WDR93;NDUFA5;NDUFA4;NDUFC2;NDUFB7;NDUFS6;NDUFAB1;NDUFB2;NDUFA2;NDUFA9;NDUFB3;NDUFA11;NDUFA8;NDUFB4;NDUFV2;NDUFB8;NDUFS3;NDUFA13;NDUFAF1;NDUFA12
prerank,Mitochondrial Respiratory Chain Complex I (GO:0005747),0.46045072915823976,1.7050751724866824,0.012048192771084338,0.00982601971776532,0.48,23/40,34.90%,NDUFB10;NDUFA1;NDUFA6;WDR93;NDUFA5;NDUFA4;NDUFC2;NDUFB7;NDUFS6;NDUFAB1;NDUFB2;NDUFA2;NDUFA9;NDUFB3;NDUFA11;NDUFA8;NDUFB4;NDUFV2;NDUFB8;NDUFS3;NDUFA13;NDUFAF1;NDUFA12
prerank,Glutamatergic Synapse (GO:0098978),0.4472240360627309,1.6918134965178246,0.0,0.011102053170816079,0.51,25/53,29.17%,RAP1A;BCR;SPTB;HRAS;AKAP9;RAC1;RELA;RAB11A;YWHAZ;PIN1;ACTB;RHOA;NPTX1;GRIPAP1;DYNLL2;DLGAP4;OPHN1;SLC4A8;CADPS;ARHGAP22;VPS18;APPL1;ARHGAP39;STX4;GSK3B
prerank,U2-type Spliceosomal Complex (GO:0005684),0.4128708922688448,1.6902508622992627,0.0,0.010957870662104182,0.51,41/87,28.74%,CWC15;SNW1;SF3B6;IK;SF3B4;CWC25;PHF5A;SNRPB2;SNRPG;RBM22;CDC5L;SF3B1;SRRM2;SF3A2;CCDC12;SNRPB;SNIP1;SF3B2;TFIP11;BUD31;BUD13;TXNL4A;MFAP1;CRNKL1;SF3B5;SYF2;RBM8A;RNF113A;HTATSF1;ZMAT2;DHX8;PRPF40A;SNRNP200;CASC3;EIF4A3;SF3B3;PRPF31;EFTUD2;PRPF18;LSM8;SF3A1
prerank,Golgi Stack (GO:0005795),0.4943059644515102,1.6880014557565108,0.0,0.010817385140795154,0.51,10/26,9.75%,GOLGA5;CLN3;USO1;GOLGA7;RAB27B;GOLPH3;RAB14;GOLGB1;TRAPPC4;GCNT1
prerank,Actin Filament (GO:0005884),0.4332680501825132,1.6818767648626456,0.0,0.01108604315983429,0.51,34/63,29.92%,ANXA1;DIAPH2;ACTN3;MYO5A;WAS;MYO6;TWF1;DIAPH1;TPM3;LCP1;RAC1;TMOD1;GAS2L1;EZR;TPM1;APC2;TPM4;PSTPIP2;MICAL2;PALLD;PSTPIP1;AMOT;MYO9B;IQGAP1;WIPF1;TWF2;CORO1A;ACTG1;HCK;RAC2;ARHGAP6;FHDC1;DIAPH3;MARK2
prerank,Spindle (GO:0005819),0.369981758578894,1.6816709433457215,0.0,0.01108097332302339,0.52,120/193,41.24%,TUBB4B;DYNLL1;KATNAL1;CALM1;KIF3A;ARL3;MAP4;CDC27;KATNA1;DIAPH1;KIFC2;DCUN1D5;CDC42;SKA2;TTL;CALM2;DCTN1;PTPN7;KAT2B;PARP4;DR1;ECT2;TPR;PSRC1;CDC7;SLC34A1;MAPRE1;JTB;WRAP73;YEATS2;KIF3B;RMDN3;INCENP;TADA3;NCOR1;CDC14B;SKA1;CCSAP;EML2;AGBL5;CSNK1A1;CENPE;AURKA;IKBKG;CLTC;PKD2;ANXA11;MAP1S;SIRT2;CXCR2;KIF22;ANAPC5;RACGAP1;GOLGA2;MAEA;CSNK1D;KIFC1;MAPK1;MAD2L2;HNRNPU;CDK1;POLB;NEDD9;KNSTRN;WDR5;PHLPP2;TTK;PLK1;SPOUT1;FBXO5;TPX2;HASPIN;ESPL1;KIF11;NUSAP1;TUBG1;KIF23;WDR62;KIFAP3;CLASP1;HAUS3;BUB1B;TPPP;KIF4A;FAM83D;TUBB2A;CCAR2;AURKC;CLASP2;TFDP2;EML4;HMMR;MZT1;TUBGCP3;TUBB4A;WAPL;CKAP2L;HSPA2;CDC6;KATNB1;PRC1;ANAPC7;CLTCL1;NUDC;CKAP2;CTDP1;CBX1;DLGAP5;TUBB6;CCDC117;TUBB1;AURKB;SAC3D1;TUBG2;FAM110A;PKP4;EFHC1;NUP62;KATNBL1;HDAC3
prerank,Extrinsic Component Of Cytoplasmic Side Of Plasma Membrane (GO:0031234),0.4068276413793104,1.670231916388236,0.0,0.012526460992857024,0.55,31/67,24.42%,GNAI3;S100A6;ERRFI1;MYD88;CYTH1;KCNAB2;GNAI2;GNB1;TRAF6;GNB2;TIRAP;JAK2;GNG5;FYN;GNG2;RHOA;GNAO1;IQGAP1;ZAP70;ESYT2;OSBPL2;SYAP1;GNGT2;GNA13;RACGAP1;JAK1;KRAS;HCK;GNAZ;SNX18;FGR
prerank,Microvillus (GO:0005902),0.4293271129997083,1.6658764515039983,0.011111111111111112,0.01289469713757644,0.58,16/47,13.37%,RDX;SLC6A6;MYO1G;PODXL;ITGAV;SPN;SLC9A3R1;RAPGEF3;TGFB1;MYO1F;EZR;HYAL2;SYTL1;SLC7A5;SLC27A4;MSN
prerank,Spliceosomal snRNP Complex (GO:0097525),0.4304485228394464,1.6640688892137696,0.0,0.012739339340738171,0.58,27/56,28.74%,SF3B6;SF3B4;PHF5A;DDX46;SNRPB2;SNRPG;TSSC4;SF3B1;SF3A2;SNRPB;CD2BP2;SNIP1;SF3B2;BUD13;TXNL4A;SF3B5;DDX39B;DDX23;HTATSF1;PRPF40A;SNRNP200;SF3B3;HNRNPC;PRPF31;PRPF18;LSM8;SF3A1
prerank,Cation Channel Complex (GO:0034703),0.45146217570440245,1.660477128508392,0.0,0.012841977115609438,0.58,15/40,20.64%,ORAI1;MCU;CALM1;FKBP1B;TRPC3;AKAP9;CALM2;PDE4D;RYR2;ATP2A1;PTPA;RYR1;PKD2;MICU2;MICU1
prerank,Lipid Droplet (GO:0005811),0.4009332738351442,1.6601954324529895,0.0,0.012690895031896384,0.58,33/71,26.58%,ANXA2;RAB18;GAPDH;CES1;RAB7A;RDH10;ACSL4;EHD1;TRAF6;BCAP31;VPS13A;PLIN4;LSS;ABHD5;RAB5C;AUP1;CYB5R3;RNF213;VCP;ARID4A;CIDEB;OSBPL2;G0S2;PLIN2;LPCAT1;CTDNEP1;VPS13C;RAP1B;ZFYVE1;ZW10;IRAK1;LDAH;AIFM2
prerank,Golgi Cisterna (GO:0031985),0.4316922631759602,1.6544389692069155,0.01282051282051282,0.013164283241697725,0.6,22/40,32.61%,GOLGA5;TMEM87A;YIPF6;TMEM115;ATP2C1;HLA-A;GOLPH3;TMEM59;SLC10A7;GCC1;GCNT1;LLGL1;GOLGA8O;XYLT1;GOLGA2;B4GALT1;GOLGA8N;GOLGA8M;YIPF1;GOLGA8H;GOLGA8Q;GOLGA8S
prerank,Golgi Cisterna Membrane (GO:0032580),0.5181380345607156,1.6526585996572352,0.02702702702702703,0.013135733505758238,0.6,11/17,32.61%,TMEM87A;TMEM115;GOLGA8O;SLC30A5;GOLGA2;GOLGA8N;GOLGA8M;SLC30A7;GOLGA8H;GOLGA8Q;GOLGA8S
prerank,Proton-Transporting V-type ATPase Complex (GO:0033176),0.5449896122747466,1.643620517595077,0.0,0.013714676730576598,0.62,11/19,19.59%,CCDC115;RNASEK;ATP6V1D;ATP6AP2;TCIRG1;ATP6V0B;ATP6V1F;ATP6V0D1;ATP6V0C;ATP6V0A2;TMEM199
prerank,Sarcolemma (GO:0042383),0.42738848191508705,1.6418422997413622,0.0,0.013920594617254239,0.62,24/41,40.33%,ITGB1;VCL;DAG1;CIB1;SGCB;SLC2A1;ATP1B1;RYR2;PLEC;RYR1;SYNM;BVES;SGCD;PGM5;CCDC78;NOS1;POPDC2;DES;DTNBP1;CAV2;NOS1AP;ALOX12;SYNC;SCN5A
prerank,Mitochondrial Outer Membrane (GO:0005741),0.3636706346118235,1.6357190414162772,0.0,0.014715295229503619,0.62,55/139,22.81%,TSPO;RAB11FIP5;ZNFX1;ACSL4;AGPAT4;FOXO3;CPT1A;BCL2L1;VDAC1;PPP2R2B;VPS13A;ACSL1;BID;TIGAR;MCL1;VDAC3;PGRMC1;CISD2;ATF2;DMPK;LPIN1;DNM1L;MGARP;PINK1;BAK1;TUFM;CYB5R3;RMDN3;CASP8;BECN1;PMAIP1;SPIRE1;TOMM5;OPA1;BOK;CYB5B;ULK1;MTCH2;BCL2A1;HINT2;MFN2;LRRK2;MFN1;BNIP1;SLC29A3;MUL1;KRAS;BMF;VPS13C;PDE2A;BAD;ATP5MC3;BAX;UBB;AMBRA1
prerank,Organelle Outer Membrane (GO:0031968),0.3583631040622467,1.63036475027708,0.0,0.015609897544944906,0.65,59/154,22.81%,TSPO;RAB11FIP5;RETSAT;ZNFX1;ACSL4;AGPAT4;FOXO3;TMEM53;CPT1A;BCL2L1;VDAC1;PPP2R2B;VPS13A;ITPR3;ACSL1;BID;TIGAR;ENO1;MCL1;VDAC3;PGRMC1;CISD2;ATF2;DMPK;LPIN1;DNM1L;MGARP;PINK1;BAK1;TUFM;CYB5R3;RMDN3;CASP8;PMAIP1;SPIRE1;TOMM5;OPA1;BOK;CYB5B;ULK1;MTCH2;BCL2A1;HINT2;MFN2;LRRK2;MFN1;BNIP1;SLC29A3;MUL1;KRAS;BMF;VPS13C;ITPRIP;PDE2A;BAD;ATP5MC3;BAX;UBB;AMBRA1
prerank,Focal Adhesion (GO:0005925),0.34063368918390435,1.6116260508470177,0.0,0.01903907412232411,0.71,144/360,24.08%,RDX;MYH9;ITGB1;YWHAQ;ANXA1;HSPA1A;ANXA5;VCL;GIT1;AHNAK;PLAUR;RAB10;DAG1;YWHAB;CD99;SYNE2;ACTN3;CAPN2;PRKAR2A;NCKAP1;DYNLL1;CD46;FLNA;ITGB7;SLC4A2;B2M;PPP1CB;ITGA5;SNTB2;CD151;ITGAV;PTPRC;ARF1;RHOG;CSRP1;ITGA4;CAPN1;TWF1;ARPC1B;ZYX;CDC42;PHLDB2;PPP1R12A;CFL1;ARF6;GNB2;ADAM17;LCP1;RAC1;ILK;KLF11;ANXA6;JAK2;PTPRA;PPIB;PFN1;PPIA;EZR;LIMA1;PXN;HYOU1;ARPC2;TLN1;ITGB5;GIT2;PDIA3;ADAM10;P4HB;ACTR3;MMP14;CHP1;LPP;CD81;TPM4;CALR;YWHAZ;RSU1;PAK4;PLEC;IGF2R;ACTN4;ITGB2;CPNE3;MAPRE1;ACTR2;ITGB1BP1;TNC;ACTB;HSP90B1;NFASC;HSPA5;RHOA;CTNNB1;ADGRE5;CTNNA1;VIM;VASP;MSN;PPFIA1;MAP2K2;PALLD;DNM2;ARPC5L;SORBS1;HSPA8;ARPC5;ATP6V0C;IQGAP1;TNFSF13B;ATP6V0A2;TNS3;YWHAE;CORO1C;TES;CLTC;TLN2;ARPC3;BSG;PDGFRB;USP33;GNA13;LASP1;ADAM9;PI4KA;HNRNPK;HSPA1B;SLC9A1;JAK1;KRAS;PROCR;ARHGEF2;MAPK1;EPHA2;ARHGAP22;ACTG1;PGM5;FOCAD;HCK;NEDD9;GDI2;CD99L2;FZD2;ICAM1;EHD3
prerank,Actin Cytoskeleton (GO:0015629),0.34834426503306,1.6112249424470577,0.0,0.018949196510416988,0.71,139/294,34.16%,RDX;MYH9;ANXA1;DIAPH2;AHNAK;CAPZA1;CDC42EP3;ACTN3;DSTN;CAPN2;MYO5A;CD274;MYADM;MYO1G;DYNLL1;FLNA;PDLIM5;IQGAP2;WAS;SPTB;AUTS2;FERMT3;MACF1;MYO6;SLC9A3R1;TWF1;ARPC1B;FLII;DIAPH1;ZYX;TAGLN2;CROCC;RAPGEF3;PPP1R12A;CFL1;ADAM17;TPM3;SPTBN5;LCP1;RAC1;LSP1;TAOK2;TMOD1;GAS2L1;MYO1F;EZR;MSRB1;LIMA1;TPM1;APC2;ARPC2;SLC2A1;ACTR3;TMEM63B;TPM4;ACTN4;ACTR2;WASF2;ACTB;ADAM8;INTS6;PSTPIP2;MICAL2;AKAP13;VASP;PALLD;SPTAN1;TAF5;PSTPIP1;SAMD14;ARPC5;LLGL2;KLHL17;LLGL1;AMOT;MYO9B;WDR1;MTSS1;MYOT;IQGAP1;IQCG;WIPF1;BIN2;BIN1;CORO1C;KLHL14;TLN2;ARPC3;PPP1R9B;TWF2;CAPZA2;LASP1;CAPZB;OPHN1;CORO1A;TOPBP1;ACTG1;MYO7A;HCK;NEB;TSPAN5;FGR;TRIOBP;HNRNPC;RAC2;ARHGAP21;TAX1BP3;ARHGAP6;FSCN3;KLHL20;ARHGAP33;FHDC1;DIAPH3;PDXP;STOML2;MYO1D;TRPV4;ABLIM2;IPP;MARK2;TTC17;CLIC4;DAPK1;NTN1;BARX2;CORIN;CATIP;GAS7;FLOT2;AMPH;BAIAP2;PEAK3;DHX9;ANLN;GBP1;PKD2L1;PARVB;DMTN;GSN
prerank,Cell-Substrate Junction (GO:0030055),0.33925189159953284,1.6019815608772294,0.0,0.02079280305678832,0.76,145/365,24.08%,RDX;MYH9;ITGB1;YWHAQ;ANXA1;HSPA1A;ANXA5;VCL;GIT1;AHNAK;PLAUR;RAB10;DAG1;YWHAB;CD99;SYNE2;ACTN3;CAPN2;PRKAR2A;NCKAP1;DYNLL1;CD46;FLNA;ITGB7;SLC4A2;B2M;PPP1CB;ITGA5;SNTB2;CD151;ITGAV;PTPRC;FERMT3;ARF1;RHOG;CSRP1;ITGA4;CAPN1;TWF1;ARPC1B;ZYX;CDC42;PHLDB2;PPP1R12A;CFL1;ARF6;GNB2;ADAM17;LCP1;RAC1;ILK;KLF11;ANXA6;JAK2;PTPRA;PPIB;PFN1;PPIA;EZR;LIMA1;PXN;HYOU1;ARPC2;TLN1;ITGB5;GIT2;PDIA3;ADAM10;P4HB;ACTR3;MMP14;CHP1;LPP;CD81;TPM4;CALR;YWHAZ;RSU1;PAK4;PLEC;IGF2R;ACTN4;ITGB2;CPNE3;MAPRE1;ACTR2;ITGB1BP1;TNC;ACTB;HSP90B1;NFASC;HSPA5;RHOA;CTNNB1;ADGRE5;CTNNA1;VIM;VASP;MSN;PPFIA1;MAP2K2;PALLD;DNM2;ARPC5L;SORBS1;HSPA8;ARPC5;ATP6V0C;IQGAP1;TNFSF13B;ATP6V0A2;TNS3;YWHAE;CORO1C;TES;CLTC;TLN2;ARPC3;BSG;PDGFRB;USP33;GNA13;LASP1;ADAM9;PI4KA;HNRNPK;HSPA1B;SLC9A1;JAK1;KRAS;PROCR;ARHGEF2;MAPK1;EPHA2;ARHGAP22;ACTG1;PGM5;FOCAD;HCK;NEDD9;GDI2;CD99L2;FZD2;ICAM1;EHD3
prerank,Vacuolar Proton-Transporting V-type ATPase Complex (GO:0016471),0.4950019233871072,1.5968462104145116,0.0,0.021810615849501967,0.79,12/22,19.59%,CCDC115;RNASEK;ATP6V1C2;ATP6V1E1;ATP6V1D;TCIRG1;ATP6V0B;ATP6V1F;ATP6V0D1;ATP6V0C;ATP6V0A2;TMEM199
prerank,Nuclear Membrane (GO:0031965),0.34705557681898846,1.5853100695445892,0.0,0.024476045492621945,0.83,99/206,36.32%,CNEP1R1;TMX4;GAPDH;DNAJB12;SYNE2;OSBPL3;NUP153;ARL6IP6;PRNP;DCTN5;CEP128;RETSAT;MFSD10;RNF6;JPT1;DISP3;RAP1GAP2;SUMO1;MYO6;PHF11;TMEM53;KPNA2;SURF4;DPY19L1;ITPR3;WTAP;ENO1;ANXA4;SLC16A3;DMPK;GCH1;PRICKLE1;LPIN1;TPR;NR4A1;SLC30A1;ATP11B;PHF8;TXNL4A;NRM;LMNA;TMEM120B;ZBTB1;SUN2;SYNE1;TOR1AIP1;MRPL36;ATP5MF;KPNB1;TOR1A;SPAST;BRAP;LEMD2;TMEM147;HOXA7;MYORG;RNF123;MAD2L1BP;CTDNEP1;RTEL1;ITPRIP;INPP4A;MLX;TEPSIN;CASC3;GLE1;CEMIP;MCM3AP;GLB1;SMAD3;APEH;LBR;HPN;LMNB2;DTX2;PAK6;PSEN2;TBC1D20;FZR1;SENP1;NUP133;GTF3C3;MINDY3;MRPS23;PSEN1;XPO1;EMD;POMZP3;TMEM38A;LYPLA1;IFI27;RB1CC1;HACD3;DUSP2;NSMF;KPNA4;GATA6;UNC50;CPNE1
prerank,SCF Ubiquitin Ligase Complex (GO:0019005),0.4026817460040152,1.5766203796826346,0.021505376344086023,0.025765224271146178,0.83,30/52,37.71%,SPSB3;FBXL19;SPSB1;FBXW7;RBX1;FBXW5;CCNF;FBXL5;FBXL6;TMEM183A;FBXO7;FBXW11;FBXL17;FBXO45;FBXO27;FBXO6;DMAC2;FBXL20;FBXL18;CKS2;FBXW4;CUL2;SKP2;FBXL15;FBXL2;FBXO44;FBXO31;FBXL14;FBXO42;USP47
prerank,cullin-RING Ubiquitin Ligase Complex (GO:0031461),0.3578941572738776,1.5761117350227642,0.0,0.02561129806649124,0.83,81/156,36.57%,CUL4A;SPSB3;LZTR1;KCTD2;FEM1C;FBXL19;PEF1;SPSB1;CDC27;FBXW7;RNF7;DDA1;ANAPC4;RBX1;FBXW5;ANKRD9;ELOC;CCNF;ZSWIM8;FBXL5;DDB1;GAN;FEM1A;KLHL7;FBXL6;KEAP1;DCAF15;TMEM183A;DDB2;KLHL21;FBXO7;ELOB;KCTD17;DCAF4L1;FBXW11;COMMD1;FBXL17;DCAF12;FBXO45;GLMN;UBE2S;ANAPC10;KCTD5;TNFSF13B;ANAPC11;WDTC1;FBXO27;DCAF5;FBXO6;ENC1;ANAPC2;DMAC2;ANAPC5;TRPC4AP;FBXL20;SPOPL;DCAF7;KLHDC10;PDCD6;FBXL18;DCAF13;KCTD10;KLHL20;BUB1B;CKS2;FBXW4;TNFAIP1;FZR1;CUL2;FEM1B;KBTBD8;SKP2;FBXL15;FBXL2;DCAF11;FBXO44;DCAF6;FBXO31;FBXL14;ANAPC7;KLHL12
prerank,Autophagosome Membrane (GO:0000421),0.4510123703233666,1.575239005390007,0.0,0.025568364878243093,0.84,18/33,27.15%,TEX264;VMP1;CHMP1A;SH3GLB1;MAP1LC3B;WIPI1;GABARAPL1;CHMP2A;MAP1LC3B2;WDR81;CHMP5;ATG16L2;ULK1;UVRAG;CHMP2B;CHMP4A;MAP1LC3A;JMY
prerank,P-body (GO:0000932),0.38244284042109217,1.564928531076876,0.010638297872340425,0.0287304272182486,0.86,38/78,32.14%,YTHDF2;PSMC2;APOBEC3H;EIF4E2;PSMC3;SQSTM1;ZC3H12A;DCP1B;LSM1;APOBEC3C;PSMA6;APOBEC3D;ZFP36L1;SAMD4B;PATL2;BTBD1;CNOT3;APOBEC3G;SYNE1;ZFP36;EIF4ENIF1;DCP1A;PATL1;PSMA4;CAPRIN1;DCPS;RC3H1;DDX6;EDC4;APOBEC3B;YTHDF1;PNRC2;APOBEC3A;YTHDF3;PNRC1;CNOT1;PSMA2;POLR2G
prerank,Kinetochore Microtubule (GO:0005828),0.503815643333843,1.5637584911975857,0.012987012987012988,0.02897470299900665,0.87,15/18,37.27%,CHMP1A;RAB11A;CHMP2A;ZWILCH;CHMP5;CENPE;CHMP2B;CHMP4A;ZW10;KIF18A;CLASP1;CLASP2;CHMP4C;KNTC1;CHMP1B
prerank,Precatalytic Spliceosome (GO:0071011),0.4064934072470688,1.5634104000372098,0.011363636363636364,0.02879534763837876,0.87,24/51,28.74%,SF3B6;IK;SF3B4;PHF5A;SNRPB2;SNRPG;SF3B1;SRRM2;SF3A2;SNRPB;SNIP1;SF3B2;TXNL4A;MFAP1;SF3B5;PRPF38B;RNF113A;ZMAT2;SNRNP200;SF3B3;PRPF31;EFTUD2;LSM8;SF3A1
prerank,Lysosomal Lumen (GO:0043202),0.37595870194625586,1.5524983976913647,0.010752688172043012,0.03183398114556726,0.88,42/73,39.11%,ATP13A2;ARSA;HSP90AA1;LAMP2;HEXB;SDC4;IDS;GUSB;FUCA1;TPP1;GALC;GNS;NEU1;VCAN;GPC1;GLA;HSPA8;HPSE;GYG1;NAGLU;MAN2B2;PLD3;SDC2;CTSS;PSAP;SDC3;GLB1;IFI30;GM2A;MAN2B1;NEU4;CTSD;CD74;NPC2;NAAA;GALNS;OMD;ARSB;ASAH1;CTSB;HEXA;CTSA
prerank,Sarcoplasmic Reticulum Membrane (GO:0033017),0.47593894014395455,1.5499179553508875,0.014285714285714285,0.03234945872801083,0.88,8/18,17.31%,FKBP1B;ATP2A2;DMPK;RYR2;ATP2A1;RYR1;JPH3;STIM1
prerank,Heterochromatin (GO:0000792),0.4059704615007768,1.547184634604111,0.0,0.03285511768983642,0.88,17/42,23.65%,MECP2;SNAI1;CDKN2A;SMARCA5;BAZ1B;WDR76;BAZ1A;INCENP;CHRAC1;SIRT2;UHRF2;BAZ2A;KMT5C;LRWD1;SUV39H1;ATRX;SMARCAD1
prerank,Non-Motile Cilium (GO:0097730),0.4869219986638666,1.5326736296286834,0.04054054054054054,0.037986150877743284,0.92,13/19,34.52%,CEP89;HYLS1;ARL13B;RAB8A;PKD2;DYNLL2;TULP3;NPHP4;PHYH;IFT122;BBS4;PKD2L1;CFAP69
prerank,Plasma Membrane Raft (GO:0044853),0.3899789601821792,1.5308641445375213,0.030927835051546393,0.037930592165286686,0.92,29/70,23.33%,ORAI1;BMPR1A;ATP2B4;PRKAR2A;DYNLL1;CLN3;SELPLG;CD320;JAK2;EZR;F2R;ITGB2;CAVIN2;PTCH1;SKAP1;BVES;LRP8;PTGIS;STIM1;HDAC6;ITGAM;CAVIN4;CD8A;BMPR2;MAPK1;HCK;PRKAR1A;SMPD2;MS4A4A
prerank,Mitotic Spindle (GO:0072686),0.3499952978553945,1.5304929913543273,0.0,0.037678276091672576,0.92,80/132,41.24%,HAUS2;TUBB4B;DYNLL1;MAP4;CDC27;DIAPH1;KIFC2;HAUS1;CDC42;DCTN1;PTPN7;KAT2B;DR1;ECT2;TPR;CDC7;SLC34A1;WRAP73;YEATS2;TADA3;KIF18B;NCOR1;CDC14B;SKA1;CCSAP;EML2;AGBL5;CENPE;AURKA;IKBKG;CLTC;PKD2;MAP1S;SIRT2;CXCR2;KIF22;RACGAP1;GOLGA2;KIFC1;MAPK1;HNRNPU;CDK1;NEDD9;KNSTRN;WDR5;PHLPP2;SPOUT1;TPX2;ESPL1;KIF11;NUSAP1;TUBG1;KIF23;WDR62;KIF18A;CLASP1;HAUS3;TPPP;FAM83D;TUBB2A;CLASP2;TFDP2;EML4;TUBB4A;WAPL;CKAP2L;CDC6;NUDC;CKAP2;DLGAP5;TUBB6;HAUS8;CCDC117;TUBB1;PKP4;EFHC1;HAUS6;NUP62;KATNBL1;HDAC3
prerank,Chromosome (GO:0005694),0.3421471743420248,1.5166208553634362,0.0,0.041741966491504044,0.95,62/148,30.70%,HMGB2;RECQL;CHD1;EXOSC9;IK;TEX12;UVSSA;DYRK1B;KAT7;SMARCA5;SMC3;SPATA22;HMGB1;BAZ1A;LLPH;DNTTIP2;CDCA2;RAD21;INTS7;SMC5;RECQL4;ATR;CLOCK;TERF2IP;PBRM1;ESCO1;CENPE;SELENOO;RAD51;CTCF;CENPB;HP1BP3;PPP1R7;SIRT2;NCL;FMR1;KMT5A;NCAPG;MAD2L2;TOPBP1;HNRNPU;PRR19;SETX;KRR1;PIN4;EBNA1BP2;SPIDR;CDCA5;CCDC137;TRAPPC13;BRCA1;SMC6;SMC1A;ESCO2;MLH1;XRCC4;MDC1;MKI67;HDAC8;AURKC;ZNF276;RAD51AP1
prerank,SWI/SNF Complex (GO:0016514),0.4274116691839321,1.510389091506404,0.05128205128205128,0.042818919916348876,0.96,20/28,41.89%,BCL7C;BICRAL;BCL7B;SMARCC2;RB1;PBRM1;ARID2;ARID1B;SMARCD1;DPF2;ARID1A;DPF3;BRD9;SMARCC1;SMARCD2;SS18;BICRA;NCR1;SMARCA4;SMARCE1
prerank,Sarcoplasmic Reticulum (GO:0016529),0.4130226803428399,1.5044099110213345,0.058823529411764705,0.04416512975376304,0.96,20/35,33.98%,SRI;SYNE2;FKBP1B;ATP2A2;ITPR3;THBS1;DMPK;RYR2;ATP2A1;RYR1;ATP2A3;STIM1;CLEC18B;RTN2;JSRP1;CCDC78;SLC30A7;NOS1;TMEM38A;ITPR2
prerank,Cytoplasmic Side Of Plasma Membrane (GO:0009898),0.33954052249413813,1.497254267876785,0.0,0.04577338377840987,0.96,46/112,27.52%,MYH9;AP2B1;S100A6;ERRFI1;MYD88;SPTB;PTPRC;CYTH1;MIEN1;KCNAB2;TRAF6;TIRAP;JAK2;PTPN7;EZR;FYN;FADD;AP2M1;RNF31;RHOA;MAP2K2;PTPN4;SNX5;IQGAP1;AP2A1;PTPN22;ZAP70;ESYT2;OSBPL2;SYAP1;AP2S1;RACGAP1;JAK1;KRAS;LITAF;CHUK;PGM5;HCK;SNX18;CHMP4A;FGR;CDK16;IKBKB;HTRA2;PPP3CA;GM2A
prerank,Endolysosome (GO:0036019),0.45940211051907204,1.4916229751345014,0.038461538461538464,0.047636725064964615,0.97,14/26,21.45%,AP2B1;RNF167;PRKCD;ATG16L1;AP2M1;LDLR;CLTA;TLR3;AP2A1;SLC15A4;CLTC;AP2S1;TPCN2;CTSS
prerank,Cortical Cytoskeleton (GO:0030863),0.3814474928495476,1.4888167202924874,0.011111111111111112,0.04815574117974231,0.97,17/55,15.55%,RDX;ACTN3;CAPN2;MYADM;DYNLL1;SPTB;RAPGEF3;SPTBN5;EZR;SLC2A1;ACTN4;MAPRE1;AKAP13;SPTAN1;LLGL2;LLGL1;WDR1
prerank,Platelet Alpha Granule Lumen (GO:0031093),0.38737861217227965,1.4855851167601586,0.09411764705882353,0.04829423679809042,0.97,31/53,39.39%,F8;TEX264;TMSB4X;FERMT3;TGFB1;VTI1B;CLU;SPARC;THBS1;TOR4A;SRGN;ACTN4;MAGED2;PF4;IGF1;A2M;F13A1;SERPINA1;PPBP;CFD;NHLRC2;PDGFA;TIMP1;NRG1;PDGFB;HGF;ALDOA;SERPING1;VWF;QSOX1;GTPBP2
prerank,Clathrin Coat (GO:0030118),0.5215296977029963,1.4821128991664287,0.04285714285714286,0.04916692774818854,0.97,9/15,27.94%,PICALM;EPS15;SYNJ1;CLTA;CLTB;CLTC;EPN2;EPN1;EPS15L1
prerank,U2-type Precatalytic Spliceosome (GO:0071005),0.38545899028750613,1.4737575427464342,0.02247191011235955,0.051485276113151617,0.97,22/49,28.74%,IK;SF3B4;PHF5A;SNRPB2;SNRPG;SF3B1;SRRM2;SF3A2;SNRPB;SNIP1;SF3B2;TXNL4A;MFAP1;SF3B5;RNF113A;ZMAT2;SNRNP200;SF3B3;PRPF31;EFTUD2;LSM8;SF3A1
prerank,Extracellular Membrane-Bounded Organelle (GO:0065010),0.3860898712413399,1.472608251581066,0.03529411764705882,0.05141100957710668,0.97,21/49,24.51%,VCL;TUBB4B;GNAI2;GNB1;DNAJC3;ATP1B1;PCMT1;ITGB2;ATP1A3;PEG10;TFRC;E2F1;MAN1B1;SPTAN1;PKM;CLTC;MGAT1;COL6A2;LFNG;ARRDC1;PDCD6IP
prerank,Cul2-RING Ubiquitin Ligase Complex (GO:0031462),0.46506804031036286,1.4640781403404213,0.0379746835443038,0.055556322664383755,0.98,8/20,13.84%,FEM1C;RBX1;ELOC;ZSWIM8;FEM1A;ELOB;COMMD1;GLMN
prerank,Specific Granule Lumen (GO:0035580),0.38613245824704334,1.4623761655847571,0.010752688172043012,0.05553837231780399,0.98,22/48,33.07%,CANT1;VCL;B2M;DOCK2;ERP44;CRACR2A;RAB27A;NEU1;SPTAN1;HPSE;KPNB1;LYZ;CTSZ;QPCT;GGH;GSDMD;TOLLIP;CXCL1;CAMP;CTSD;CEP290;OSCAR
prerank,Cell Projection Membrane (GO:0031253),0.34886899846062575,1.4554100296087806,0.02247191011235955,0.057815692733886856,0.99,21/80,16.43%,SYNE2;SLC6A6;EVC2;BBS7;PODXL;ITGAV;MFSD10;SLC9A3R1;BBS9;ARL13B;ARF6;RAB35;SLC26A6;LIMA1;SYTL1;UTRN;SLC7A5;SLC34A1;PTCH1;EVC;CYBRD1
prerank,U12-type Spliceosomal Complex (GO:0005689),0.4521462184991641,1.4536130091865722,0.01282051282051282,0.0586549644592192,0.99,11/25,16.78%,SF3B6;SF3B4;PHF5A;SNRPG;SF3B1;ZMAT5;SNRPB;SF3B2;SF3B5;YBX1;SNRNP35
prerank,Platelet Alpha Granule (GO:0031091),0.3635400849205798,1.4500696537436675,0.023809523809523808,0.05965425544454555,0.99,43/74,39.39%,F8;TEX264;STXBP3;TMSB4X;FERMT3;TGFB1;VTI1B;CLU;SPARC;THBS1;CD109;TOR4A;SRGN;ACTN4;MAGED2;PF4;IGF1;LY6G6F;A2M;TMX3;F13A1;SERPINA1;PPBP;VAMP7;APLP2;SYTL4;CFD;NHLRC2;VPS33B;PHACTR2;PDGFA;CD36;TIMP1;NRG1;PDGFB;HGF;ITGA2B;LHFPL2;ALDOA;SERPING1;VWF;QSOX1;GTPBP2
prerank,Cul3-RING Ubiquitin Ligase Complex (GO:0031463),0.4196469962435488,1.4498573122021017,0.05063291139240506,0.05917317273934761,0.99,18/34,29.33%,LZTR1;KCTD2;PEF1;RBX1;ZSWIM8;GAN;KLHL7;KEAP1;KLHL21;KCTD17;GLMN;KCTD5;ENC1;SPOPL;PDCD6;KCTD10;KLHL20;TNFAIP1
prerank,U2-type Catalytic Step 2 Spliceosome (GO:0071007),0.440114764870541,1.4472909879214724,0.0375,0.059981442103228304,1.0,11/29,15.15%,CWC15;SNW1;SNRPB2;SNRPG;RBM22;CDC5L;SRRM2;SNRPB;BUD31;CRNKL1;SYF2
prerank,cis-Golgi Network (GO:0005801),0.3954395144127118,1.447207882502989,0.012195121951219513,0.05959016443744841,1.0,28/48,32.61%,GOLGA5;GPR108;TMED5;GBF1;ATP2C1;HOOK3;GOLGB1;KDELR2;SLC10A7;TMED10;BOK;GOLGA8O;SCFD1;RAB29;GOLGA2;LRPAP1;COPZ2;MPPE1;GOLIM4;BLZF1;IFT20;TRAPPC3;KDELR1;GOLGA8N;GOLGA8M;GOLGA8H;GOLGA8Q;GOLGA8S
prerank,Heterotrimeric G-protein Complex (GO:0005834),0.4624268352645735,1.4436779573023395,0.08433734939759036,0.06172799103765615,1.0,12/19,31.83%,GNAI3;GNAI2;GNB1;GNB2;GNG5;GNG2;GNAO1;GNGT2;GNA13;GNAZ;GNAL;GNA15
prerank,Mitochondrial Envelope (GO:0005740),0.32668604380136435,1.4420939345661554,0.0,0.06182982855693021,1.0,51/134,28.17%,PANK2;OGDH;TIMM23;NDUFA1;FKBP8;CHCHD5;BLOC1S1;TMEM14A;NDUFA6;TMBIM6;ARL2BP;CHCHD2;VDAC1;VPS13A;PRELID2;SLC25A20;IFI6;COX17;NDUFB7;PLEKHN1;PINK1;IFI27L2;ACAD9;CYB5R3;COA7;ACADVL;PRELID1;NDUFAB1;OPA1;VRK2;BOK;TIMM29;MICU2;LRRK2;CYCS;BNIP1;MICU1;NDUFA2;SLC25A4;SDHB;ABCB8;NDUFA9;ATP5F1B;GNPAT;HTRA2;AGK;NDUFA8;AIFM1;TIMM8B;SLC25A28;SLC39A9
prerank,Extracellular Vesicle (GO:1903561),0.3740724362419849,1.4248082984423303,0.03614457831325301,0.07070627602773494,1.0,21/51,24.51%,VCL;TUBB4B;GNAI2;GNB1;DNAJC3;ATP1B1;PCMT1;ITGB2;ATP1A3;PEG10;TFRC;E2F1;MAN1B1;SPTAN1;PKM;CLTC;MGAT1;COL6A2;LFNG;ARRDC1;PDCD6IP
prerank,Basolateral Plasma Membrane (GO:0016323),0.3233039557187594,1.4239812697998182,0.010416666666666666,0.07049101101875122,1.0,52/131,32.06%,ANXA2;SLC6A6;ABCC10;SLC4A7;SLC4A2;ATP1B3;SLC51A;SLC3A2;CADM1;SLC47A1;SLC26A6;ATP2B1;EZR;SLC16A3;SLC2A1;CD81;SLC14A1;NOD2;ALPK2;SLC7A5;SLC30A1;SLC22A1;LDLR;TFRC;CTNNB1;IDE;PDZD11;CALHM1;AURKA;SLC29A1;SLC43A3;LRRK2;B4GALT1;ABCC4;NEDD9;SLC4A4;ATP7A;ABCC5;STX2;SLC6A9;NUMB;ERBB2;LIN7B;CNNM2;SLC31A1;STX4;ERBIN;MYO1D;PDGFB;SLC43A2;FLOT2;AQP10
prerank,Proton-Transporting ATP Synthase Complex (GO:0045259),0.49359586888453033,1.4191275770977083,0.09210526315789473,0.07241672963932774,1.0,9/15,24.81%,ATP5PB;ATP5F1E;ATP5ME;ATP5MF;ATP5F1C;ATP5F1D;ATP5MC3;ATP5F1B;ATP5PF
prerank,Mitochondrial Proton-Transporting ATP Synthase Complex (GO:0005753),0.49359586888453033,1.4191275770977083,0.09210526315789473,0.07241672963932774,1.0,9/15,24.81%,ATP5PB;ATP5F1E;ATP5ME;ATP5MF;ATP5F1C;ATP5F1D;ATP5MC3;ATP5F1B;ATP5PF
prerank,Pigment Granule (GO:0048770),0.44257240534282544,1.4178572811815218,0.06578947368421052,0.07243437222478195,1.0,9/20,20.24%,MYO5A;SYTL2;RAB27B;TMEM33;SYTL1;RAB27A;RAB9A;RAB29;RAB38
prerank,Tertiary Granule Lumen (GO:1904724),0.37948376162794734,1.4152443111751467,0.04395604395604396,0.07380673473921712,1.0,26/44,40.91%,CANT1;B2M;CSTB;GOLGA7;FTH1;PRSS3;SPTAN1;LYZ;CST3;PPBP;IDH1;QPCT;CTSS;GGH;CTSH;PGM1;GSDMD;CXCL1;CAMP;CTSD;OSCAR;ASAH1;HP;QSOX1;CHIT1;FOLR3
prerank,Endocytic Vesicle Lumen (GO:0071682),0.4521268743722634,1.409221848391077,0.08108108108108109,0.0777695441430218,1.0,6/18,11.65%,HSP90AA1;SPARC;HYOU1;CALR;HSP90B1;HGS
prerank,T Cell Receptor Complex (GO:0042101),0.4826453137817491,1.4038768995769455,0.05194805194805195,0.0800248888459308,1.0,10/17,31.95%,NCOR2;TRGC1;TRGC2;ZAP70;CD8A;CD3D;CD3G;TRBC2;CD3E;SYK
prerank,Histone Acetyltransferase Complex (GO:0000123),0.41511836770833,1.3996769583022461,0.07228915662650602,0.08177955160215662,1.0,14/27,29.58%,MEAF6;TAF5L;KAT7;BRPF1;MCRS1;KAT2B;KANSL3;KANSL1;JADE2;WDR5;BRPF3;EP300;CREBBP;JADE3
prerank,Collagen-Containing Extracellular Matrix (GO:0062023),0.300899864540764,1.3942047841954128,0.0,0.08343138985311134,1.0,96/255,31.84%,S100A10;ANXA1;ANXA5;ANXA2;S100A4;DAG1;S100A6;LGALS1;LGALS3;PCOLCE;CD151;CSTB;SERPINB8;COL8A1;MXRA7;LTBP4;HMCN2;TGFB1;CLU;ANXA6;IL7;FGL2;HDGF;LMAN1;ANXA4;SPARC;HTRA1;THBS1;PZP;SERPINB9;CTSG;HNRNPM;TNC;HSP90B1;PF4;VCAN;CTSC;CCNA2;FCN1;GPC1;S100A9;S100A8;PKM;FGFR1;EMILIN2;A2M;SERPINB1;ASPN;PLSCR1;WNT5B;NID1;LAMB3;ANXA11;SPON1;COL6A2;F13A1;SERPINA1;COL15A1;SDC2;MATN4;EMILIN1;CTSZ;PODN;LTBP1;CTSS;LAMA2;FGFR2;LOXL1;CTSH;VIT;SBSPON;ICAM1;PSAP;SDC3;MMP23B;ADAMTS10;ADAMTS1;FREM3;TGFBI;LAMA5;FGFBP3;COL13A1;ERBIN;NCAM1;COL19A1;FBN1;CTSD;P3H1;ANXA7;L1CAM;SEMA7A;COL5A3;NRG1;PDGFB;CCDC80;IGFBP7
prerank,Calcium Channel Complex (GO:0034704),0.3632661250155093,1.3832634788718787,0.09302325581395349,0.08959289170248955,1.0,13/45,13.37%,ORAI1;MCU;CACNB3;CALM1;FKBP1B;CACNA2D2;CALM2;PDE4D;RYR2;ATP2A1;PTPA;RYR1;CACNA2D4
prerank,Melanosome (GO:0042470),0.40653752920569464,1.37838102794452,0.08860759493670886,0.09246223523238796,1.0,11/24,23.61%,MYO5A;SYTL2;RAB27B;TMEM33;SYTL1;RAB27A;RAB9A;RAB29;RAB38;TPCN2;ATP7A
prerank,P Granule (GO:0043186),0.4531641265453983,1.359723374240017,0.08695652173913043,0.10453212465707788,1.0,7/18,23.88%,SNRPG;HELZ2;PIWIL1;HELZ;CARHSP1;HENMT1;PIWIL4
prerank,Myofibril (GO:0030016),0.4406491202835377,1.3580078517659373,0.06329113924050633,0.10545070150265597,1.0,9/20,27.03%,MYL12B;TMOD3;TWF1;TMOD1;PSMA6;TNNI3;TWF2;LMOD3;SCO2
prerank,Condensed Chromosome (GO:0000793),0.3529353581506043,1.353620423287033,0.06666666666666667,0.10844770925961723,1.0,28/57,32.44%,NCAPG2;HMGB2;CHMP1A;SMARCA5;PSMC3IP;HMGB1;SLF1;NCAPH;SMC4;CHEK1;SMC5;NCAPH2;CENPE;RAD51;CTCF;NCAPG;SUV39H1;BRD4;TUBG1;SMC6;SMC1A;KIFAP3;XRCC4;MKI67;AURKC;SLF2;RGS12;NSMCE2
prerank,Aggresome (GO:0016235),0.3676845713285773,1.3412673788387721,0.05128205128205128,0.11785586753871598,1.0,15/31,32.10%,HSPA1A;PRKCQ;SQSTM1;EPS15;XRN2;TDP2;KLHL14;HDAC6;HSPA1B;SLC2A14;RNF32;FGR;TRIM37;KLF8;PSEN1
prerank,Pericentric Heterochromatin (GO:0005721),0.4112581802297383,1.3383072785734011,0.08641975308641975,0.11940013465140617,1.0,9/20,22.46%,SNAI1;SMARCA5;BAZ1B;BAZ1A;INCENP;CHRAC1;UHRF2;KMT5C;LRWD1
prerank,Condensed Nuclear Chromosome (GO:0000794),0.4198017448562008,1.333883353842539,0.15584415584415584,0.12209370837515128,1.0,13/26,27.39%,NCAPG2;CHMP1A;PSMC3IP;NCAPH;SMC4;CHEK1;NCAPH2;RAD51;NCAPG;SUV39H1;TUBG1;SMC1A;KIFAP3
prerank,Golgi-associated Vesicle Membrane (GO:0030660),0.44177679554847743,1.3306501195417668,0.09859154929577464,0.12489594716680409,1.0,7/16,25.94%,ITM2B;ZDHHC13;KDELR2;SPPL2A;TMEM199;PI4KA;KDELR1
prerank,Mitochondrial Membrane (GO:0031966),0.27977798529691705,1.3291864087262906,0.0,0.1254953605258071,1.0,205/499,33.23%,NDUFB10;TSPO;MRPL41;MPC2;RAB11FIP5;OGDH;TIMM23;COX6A1;MPC1;MCU;NDUFA1;LGALS3;MRPS18C;ZNFX1;COX5B;SQOR;ACSL4;CHCHD1;LETM1;CDS2;COX20;TMEM14A;MRPL10;AGPAT4;UCP3;NDUFA6;FOXO3;GHITM;CPT1A;AURKAIP1;TMBIM6;BCL2L1;VDAC1;UQCR11;PPP2R2B;VPS13A;NDUFA5;MCUR1;CLU;ATP5PB;ACSL1;MRPL47;BID;TIGAR;SLC25A20;MCL1;SDHA;UQCR10;VDAC3;PGRMC1;CISD2;IFI6;HIGD1A;TMEM160;NDUFA4;NDUFC2;ATF2;NDUFB7;MRPS36;SLC22A14;DMPK;MRPL22;ATP5F1E;LPIN1;DNM1L;MGARP;COX6B1;PLEKHN1;COX8A;SLC25A29;PINK1;BAK1;COX7B;IFI27L2;ACAD9;TUFM;ATP5ME;CYB5R3;UQCRC1;RMDN3;MRPS34;ACADVL;MRPS11;CASP8;NDUFAF5;UQCRQ;TMEM11;PMAIP1;MRPL54;PLA2G4A;SLC25A22;MRPL36;MRPL43;ATP5MF;SPIRE1;NDUFS6;TOMM5;APOO;COQ4;NDUFAB1;OPA1;TIMM17B;MRPL16;SLC25A18;ATP5F1C;VRK2;BOK;CYB5B;SLC25A51;ATP5F1D;TIMM29;ULK1;MTCH2;BCL2A1;MICU2;HINT2;MFN2;LRRK2;CYCS;MFN1;ENDOG;COX5A;NDUFB2;MRPL27;SLC25A11;BNIP1;SLC29A3;MUL1;MRPS18A;MRPL55;MICU1;KRAS;MRPL58;SLC25A32;BMF;NNT;NDUFA2;VPS13C;SLC25A4;MRPS22;PDE2A;IMMT;BAD;ATP5MC3;SDHB;BAX;UBB;ABCB8;AMBRA1;SLC25A1;NDUFA9;SLC25A14;MRPL28;ATP5F1B;TIMM17A;GNPAT;MRPL9;FIS1;ATP5PF;MRPS9;BCL2L11;HADHA;TYMS;NDUFB3;RAC2;MRPS12;GPD2;ALDH18A1;AIFM2;SCO2;TMEM242;NDUFA11;AGK;NDUFA8;AIFM1;NDUFB4;SLC25A28;SLC39A9;TIMM22;RAF1;PSEN2;NDUFV2;STOML2;UQCC3;CYC1;NDUFB8;MRPL13;SLC25A12;NDUFS3;MRPS23;UCP2;HCRT;EXOG;CHCHD3;PSEN1;MRPS10;FLVCR2;RAB32;MRPL44;RHOT1;COA3;CCDC51;YME1L1;MRPL34;NDUFA13
prerank,Axon (GO:0030424),0.2936319064275369,1.3101693123964804,0.05263157894736842,0.14336182838875575,1.0,58/161,29.66%,KIF1B;RAB5A;EMB;HCN3;SSNA1;CIB1;RNF6;SYT11;MAP4;HMCN2;KIRREL3;NEFH;PRKAA1;DCTN1;TAOK2;KIF13B;MAPT;ATP1A3;PINK1;KIF1C;NFASC;GSK3A;SHTN1;VIM;UHMK1;PALLD;COMT;PARK7;LLGL1;EPHB2;CCSAP;MYOT;IQGAP1;IGHMBP2;BIN1;SYAP1;NF1;HDAC6;NTRK1;SPAST;LRRK2;FMR1;MUL1;DHX36;SETX;GHRL;SLC38A7;ATP7A;FXR2;HTT;FEZ1;CDK5;ADAM22;SCN8A;MTMR2;GSK3B;FEZ2;MYO1D
prerank,Protein Kinase Complex (GO:1902911),0.4608420488698011,1.3088209140912321,0.23076923076923078,0.14333172240479414,1.0,7/15,16.35%,MAP3K5;TBKBP1;TANK;NEK10;CAB39L;TBK1;CAB39
prerank,Neuron Projection (GO:0043005),0.28054494953361864,1.3040837984899805,0.02,0.1466263955868666,1.0,119/395,23.66%,KIF1B;GIT1;TMEM266;RAB5A;ATP13A2;CAPN2;SLC6A6;MYO5A;EMB;HCN3;SSNA1;PRNP;BBS7;CIB1;CLN3;RAPGEF2;MARK4;RNF6;SYT11;INPP5K;PAFAH1B1;DLG3;MAP4;CNIH4;HMCN2;KIRREL3;NEFH;PRKAA1;CDC42;STX3;CPEB2;ANKS1A;RGS9;CADM1;DCTN1;VAMP2;TAOK2;KIF13B;MCRS1;STRN;RTN3;MAPT;FYN;TRAPPC4;PGRMC1;RTN4;RAB27A;ATP1A3;MARK3;NMB;FZD4;FBXO7;GABRD;PINK1;KIF1C;NFASC;ANKRD27;KIF3B;RHOC;ACAD9;FBXW11;GSK3A;NPTX1;SHTN1;VIM;UHMK1;PALLD;PI4K2A;RBM3;SAMD14;HSPA8;NCOA2;CPEB3;STAU1;COMT;PARK7;LLGL1;EPHB2;CAMK2B;CCSAP;CHRNB1;MYOT;ALS2;CPEB4;OPA1;IQGAP1;MPST;IGHMBP2;RGS9BP;CRIPT;BIN1;SYAP1;CHRNE;CHRFAM7A;KLHL14;NF1;HDAC6;PPP1R9B;NTRK1;MAP1S;SPAST;GABRB1;MICALL2;LRRK2;FMR1;MUL1;CX3CR1;DHX8;SLC4A8;VAMP7;TMEM222;DHX36;UBB;SETX;PPP2R1A;GHRL;SLC38A7;ATP7A;FXR2
prerank,Organelle Inner Membrane (GO:0019866),0.27688989785455503,1.3029259489865275,0.01,0.1466454744778048,1.0,162/366,36.31%,NDUFB10;MRPL41;TMX4;MPC2;TIMM23;COX6A1;MPC1;MCU;NDUFA1;ARL6IP6;LGALS3;MRPS18C;MFSD10;COX5B;SQOR;CHCHD1;LETM1;CDS2;COX20;MRPL10;UCP3;NDUFA6;GHITM;AURKAIP1;DPY19L1;UQCR11;NDUFA5;MCUR1;CLU;ATP5PB;MRPL47;SLC25A20;SDHA;UQCR10;IFI6;HIGD1A;TMEM160;NDUFA4;NDUFC2;NDUFB7;MRPS36;SLC22A14;MRPL22;ATP5F1E;MGARP;ATP11B;COX6B1;COX8A;SLC25A29;PINK1;COX7B;ACAD9;ATP5ME;UQCRC1;MRPS34;MRPS11;TMEM120B;NDUFAF5;UQCRQ;TMEM11;MRPL54;PLA2G4A;SLC25A22;MRPL36;MRPL43;ATP5MF;NDUFS6;APOO;COQ4;NDUFAB1;OPA1;TIMM17B;MRPL16;SLC25A18;ATP5F1C;BOK;SLC25A51;ATP5F1D;TIMM29;MICU2;LEMD2;LRRK2;CYCS;ENDOG;COX5A;NDUFB2;MRPL27;SLC25A11;MRPS18A;MRPL55;MICU1;MRPL58;SLC25A32;NNT;NDUFA2;SLC25A4;MRPS22;PDE2A;IMMT;ATP5MC3;SDHB;SLC25A1;SLC25A14;MRPL28;ATP5F1B;TIMM17A;MRPL9;ATP5PF;MRPS9;HADHA;TYMS;NDUFB3;SMAD3;LBR;MRPS12;GPD2;ALDH18A1;SCO2;TMEM242;NDUFA11;AGK;NDUFA8;AIFM1;NDUFB4;TIMM22;PSEN2;NDUFV2;STOML2;NEU4;UQCC3;CYC1;NDUFB8;MRPL13;SLC25A12;NDUFS3;MRPS23;UCP2;HCRT;EXOG;CHCHD3;PSEN1;MRPS10;EMD;MRPL44;COA3;CCDC51;YME1L1;MRPL34;NDUFA13;IFI27;MRPS6;NDUFAF1;TIMM44;GADD45GIP1;NDUFA12;TMEM126B;MRPS30;SDHC;FECH;TIMM50;MRPL48;UNC50
prerank,Caveola (GO:0005901),0.3410888994671478,1.302289979286051,0.08695652173913043,0.14624546255128124,1.0,21/57,23.30%,BMPR1A;ATP2B4;DYNLL1;CLN3;CD320;JAK2;F2R;CAVIN2;PTCH1;BVES;SORBS1;LRP8;CORO1C;PTGIS;HDAC6;LRRK2;CAVIN4;BMPR2;MAPK1;HCK;SMPD2
prerank,Multivesicular Body (GO:0005771),0.36227995678591873,1.3016630318531854,0.13157894736842105,0.14591999919662785,1.0,18/41,23.85%,ATP13A2;ECPAS;CHMP1A;RAB27B;SLC9A8;RAB11A;RAB27A;CHMP2A;CST7;LRAT;CHMP5;TSG101;HDAC6;CD63;LRRK2;CHMP2B;CTSH;CHMP4A
prerank,Intermediate Filament (GO:0005882),0.3435368016793063,1.2940986762500188,0.16666666666666666,0.1526271646202678,1.0,15/43,25.49%,CLIP1;MACF1;PLEC;KRT6B;BFSP1;SYNM;VIM;TCHP;SLC1A4;KRT81;CSNK1A1;HLA-DRB1;RTN2;PPL;KRT5
prerank,Multivesicular Body Membrane (GO:0032585),0.4336475837917422,1.2928138293513531,0.1643835616438356,0.15308653908112635,1.0,10/18,23.85%,ATP13A2;CHMP1A;RAB27B;SLC9A8;RAB27A;CHMP2A;CHMP5;CD63;CHMP2B;CHMP4A
prerank,Cell-Cell Junction (GO:0005911),0.27740319029966287,1.2726302471102238,0.05102040816326531,0.17340434963018414,1.0,70/239,22.48%,RDX;NDRG1;ANXA1;VCL;ANXA2;AHNAK;RAB10;S100A11;PTPRM;RAP2B;MYADM;STXBP6;NECTIN1;PAK2;FLNA;PDLIM5;ITGA5;RAPGEF2;TMOD3;DLG3;TWF1;SMAD7;KIRREL3;PDLIM2;ZYX;PARD6G;PTPRJ;FRMD4B;STX3;ADAM17;CADM1;SCRIB;HEG1;EZR;MTDH;PXN;TLN1;ECT2;PERP;PAK4;PPP1CA;RHOA;CTNNB1;PRKCI;CD53;PDZD11;PCDH1;CTNNA1;AJM1;MSN;NF2;MAP2K2;SORBS1;LLGL2;PARK7;LLGL1;WDR1;EIF4G2;RASIP1;PKD2;SH3BP1;SIRT2;MICALL2;CHAF1B;BMPR2;EPHA2;DLG5;B4GALT1;ACTG1;PGM5
prerank,SAGA-type Complex (GO:0070461),0.34914271430648613,1.2580296041493284,0.1875,0.18724597288256697,1.0,13/34,24.28%,TAF5L;KAT2B;DR1;YEATS2;TAF4;TADA3;SF3B5;TAF5;ENY2;TAF2;TAF12;WDR5;SF3B3
prerank,Nuclear Inner Membrane (GO:0005637),0.36324287753091977,1.2571842410067673,0.14473684210526316,0.18660570669915272,1.0,12/25,36.31%,TMX4;MFSD10;DPY19L1;ATP11B;TMEM120B;LEMD2;SMAD3;LBR;PSEN2;EMD;IFI27;UNC50
prerank,Adherens Junction (GO:0005912),0.28837299499861546,1.251161052885624,0.08163265306122448,0.19271548182872608,1.0,30/124,15.35%,RDX;NDRG1;ANXA1;VCL;ANXA2;RAB10;S100A11;PTPRM;STXBP6;NECTIN1;PDLIM5;TMOD3;DLG3;SMAD7;PDLIM2;ZYX;FRMD4B;SCRIB;EZR;TLN1;PAK4;PPP1CA;CTNNB1;CTNNA1;MSN;NF2;SORBS1;LLGL2;PARK7;LLGL1
prerank,Smooth Endoplasmic Reticulum (GO:0005790),0.4179730791749187,1.25084473333288,0.1506849315068493,0.1918501824451614,1.0,8/15,32.32%,HYOU1;RYR2;RYR1;SYVN1;GBA2;MYO1D;PSEN1;SLMAP
prerank,Nuclear Outer Membrane (GO:0005640),0.4229771920073447,1.2485444345984633,0.17142857142857143,0.1933030717424042,1.0,4/15,7.38%,RETSAT;TMEM53;ITPR3;ENO1
prerank,Peroxisome (GO:0005777),0.28550478635191323,1.2389507792793917,0.11458333333333333,0.20345286225434325,1.0,68/116,43.23%,MYO5A;ISOC1;TTC1;CROT;RAB8B;DHRS4;SCP2;ACOT4;CRAT;DNM1L;PEX11A;ACOXL;PNPLA8;IDE;VIM;ACBD5;MAP2K2;FAR1;MVD;PEX13;MVK;AGPS;PIK3C3;MUL1;PEX16;IDH1;GSTK1;ABCD3;PXMP2;ACOX2;TMEM135;GNPAT;FIS1;PRDX5;IDI1;SLC27A2;HMGCR;TRIM37;ACAA1;NBR1;FAR2;PHYH;PMVK;DHRS7B;HACL1;PEX2;MGST1;USP30;DDR2;CAT;BAAT;ACOX1;ECH1;PIPOX;ACOX3;GDAP1;LACC1;PXMP4;PEX11B;MIEF1;PEX14;DDO;AMACR;SLC25A17;DHRS4L2;MPV17;GRHPR;MLYCD
prerank,Mitochondrial Inner Membrane (GO:0005743),0.2655697923622514,1.2370253677835097,0.05,0.20520803373991597,1.0,138/343,33.23%,NDUFB10;MRPL41;MPC2;TIMM23;COX6A1;MPC1;MCU;NDUFA1;LGALS3;MRPS18C;COX5B;SQOR;CHCHD1;LETM1;CDS2;COX20;MRPL10;UCP3;NDUFA6;GHITM;AURKAIP1;UQCR11;NDUFA5;MCUR1;CLU;ATP5PB;MRPL47;SLC25A20;SDHA;UQCR10;IFI6;HIGD1A;TMEM160;NDUFA4;NDUFC2;NDUFB7;MRPS36;SLC22A14;MRPL22;ATP5F1E;MGARP;COX6B1;COX8A;SLC25A29;PINK1;COX7B;ACAD9;ATP5ME;UQCRC1;MRPS34;MRPS11;NDUFAF5;UQCRQ;TMEM11;MRPL54;PLA2G4A;SLC25A22;MRPL36;MRPL43;ATP5MF;NDUFS6;APOO;COQ4;NDUFAB1;OPA1;TIMM17B;MRPL16;SLC25A18;ATP5F1C;BOK;SLC25A51;ATP5F1D;TIMM29;MICU2;LRRK2;CYCS;ENDOG;COX5A;NDUFB2;MRPL27;SLC25A11;MRPS18A;MRPL55;MICU1;MRPL58;SLC25A32;NNT;NDUFA2;SLC25A4;MRPS22;PDE2A;IMMT;ATP5MC3;SDHB;SLC25A1;SLC25A14;MRPL28;ATP5F1B;TIMM17A;MRPL9;ATP5PF;MRPS9;HADHA;TYMS;NDUFB3;MRPS12;GPD2;ALDH18A1;SCO2;TMEM242;NDUFA11;AGK;NDUFA8;AIFM1;NDUFB4;TIMM22;PSEN2;NDUFV2;STOML2;UQCC3;CYC1;NDUFB8;MRPL13;SLC25A12;NDUFS3;MRPS23;UCP2;HCRT;EXOG;CHCHD3;PSEN1;MRPS10;MRPL44;COA3;CCDC51;YME1L1;MRPL34;NDUFA13
prerank,Anaphase-Promoting Complex (GO:0005680),0.38689907049987804,1.2340336871673456,0.22077922077922077,0.2075245007586009,1.0,9/20,29.67%,CDC27;ANAPC4;UBE2S;ANAPC10;ANAPC11;ANAPC2;ANAPC5;BUB1B;FZR1
prerank,Mitochondrial Intermembrane Space (GO:0005758),0.31445005308110924,1.2299804017219778,0.1511627906976744,0.21245100254099716,1.0,22/57,29.52%,PANK2;TIMM23;CHCHD5;BLOC1S1;ARL2BP;CHCHD2;PRELID2;COX17;NDUFB7;PINK1;COA7;PRELID1;OPA1;TIMM29;MICU2;CYCS;MICU1;HTRA2;NDUFA8;AIFM1;TIMM8B;STOML2
prerank,Asymmetric Synapse (GO:0032279),-0.1906750681005526,-1.2233691961108049,0.25,0.3799882629107981,0.99,32/110,17.54%,CDK5R1;SRGAP3;IQSEC3;ADD2;RPL12;GRIN2A;RPL30;LZTS3;RPL7;DLG2;RPS13;RPS27;RPS3;RPS14;RPL8;RPS19;RPS25;RPL38;RPS18;HIP1R;DISC1;GPHN;DLG4;DTNB;RPLP0;RPL14;FXR1;ARHGAP32;KALRN;SHANK1;SHANK3;PPP1R9A
prerank,Dendrite (GO:0030425),0.26670823654110076,1.2196464700325846,0.10101010101010101,0.22499308361818796,1.0,70/194,32.19%,KIF1B;TMEM266;RAB5A;CAPN2;SLC6A6;HCN3;PRNP;MARK4;SYT11;CNIH4;KIRREL3;PRKAA1;CLU;MCRS1;STRN;MAPT;FYN;TRAPPC4;RAB27A;MARK3;FZD4;KIF1C;KIF3B;ACAD9;GSK3A;UHMK1;PI4K2A;RBM3;SAMD14;HSPA8;CPEB3;STAU1;COMT;EPHB2;ALS2;CPEB4;OPA1;CRIPT;BIN1;SYAP1;NF1;HDAC6;PPP1R9B;MAP1S;LRRK2;FMR1;DHX8;SLC4A8;TMEM222;DHX36;ATP7A;FXR2;HTT;KCNE3;HTR2B;SGCE;NSG1;CDK5;KPNA1;MTMR2;GSK3B;PTK2B;MYO1D;MARK2;GIGYF2;AKAP5;TMEM185A;RGS12;ZNF804A;DNER
prerank,Sin3-type Complex (GO:0070822),0.39708912431886323,1.2154219976577534,0.23529411764705882,0.2283974482891939,1.0,12/21,34.74%,SAP30;SAP30L;ARID4B;MORF4L1;BRMS1;BRMS1L;SUDS3;SF3B3;RBBP7;ING2;RBBP4;CSNK2A1
prerank,Sin3 Complex (GO:0016580),0.39708912431886323,1.2154219976577534,0.23529411764705882,0.2283974482891939,1.0,12/21,34.74%,SAP30;SAP30L;ARID4B;MORF4L1;BRMS1;BRMS1L;SUDS3;SF3B3;RBBP7;ING2;RBBP4;CSNK2A1
prerank,Cytoplasmic Stress Granule (GO:0010494),0.3080883047192574,1.2097031167637968,0.11494252873563218,0.23383916489464526,1.0,32/68,32.32%,YTHDF2;ZNFX1;MCRIP1;DAZAP2;ROCK1;EIF2S1;CTSG;DDX19B;VCP;YBX1;STAU1;KPNB1;ZFP36;RPTOR;SSB;FMR1;CAPRIN1;HNRNPK;DHX36;FXR2;TRIM25;RNF135;RC3H1;TIAL1;EIF4G1;DDX6;YTHDF1;YTHDF3;GIGYF2;CELF1;RBPMS;LARP4B
prerank,Cilium (GO:0005929),0.2660143679905435,1.206693405369386,0.10101010101010101,0.23553216600364238,1.0,84/199,37.36%,RSPH3;ANXA1;RAB10;MLF1;EVC2;BBS7;DYNLL1;UBXN10;TTLL7;DYNLRB1;KIF19;IQUB;CEP89;KIF3A;PAFAH1B1;ARL3;HYLS1;TEDC1;IQCE;BBS9;PDE6D;GRK2;ARL13B;ATP6V1D;RAB14;FAM161B;TOGARAM2;KIF3C;TXNDC15;DLEC1;ROPN1L;WDR35;RAB8A;EPS8L1;HSPB11;DYNC2H1;KIF3B;PTCH1;EVC;CCSAP;IQCG;RILPL2;CSNK1A1;TTLL3;CEP104;PKD2;WHRN;TTLL5;DYNLL2;TULP3;CATSPERG;IFT20;RP2;PDGFRA;TBC1D30;TMEM138;NPHP4;OXCT2;KIFAP3;CEP19;TNPO1;IFT52;FHDC1;TRPV4;IFT122;RRP7A;AHI1;TTLL9;TSGA10IP;TTLL4;BBS4;PKD2L1;ARL6;TCTN2;TMEM216;CFAP69;DNAH17;CFAP20;IFT172;RPGRIP1L;GPR19;DRC7;UNC119B;TTLL1
prerank,Peroxisomal Membrane (GO:0005778),0.3127821277339956,1.2012733646647604,0.20454545454545456,0.24040286994834228,1.0,31/52,42.33%,TTC1;RAB8B;DHRS4;PEX11A;PNPLA8;ACBD5;MAP2K2;FAR1;PEX13;AGPS;PEX16;ABCD3;PXMP2;GNPAT;FIS1;SLC27A2;HMGCR;TRIM37;NBR1;FAR2;DHRS7B;PEX2;MGST1;USP30;CAT;GDAP1;PXMP4;PEX11B;PEX14;SLC25A17;MPV17
prerank,Microbody Membrane (GO:0031903),0.3127821277339956,1.2012733646647604,0.20454545454545456,0.24040286994834228,1.0,31/52,42.33%,TTC1;RAB8B;DHRS4;PEX11A;PNPLA8;ACBD5;MAP2K2;FAR1;PEX13;AGPS;PEX16;ABCD3;PXMP2;GNPAT;FIS1;SLC27A2;HMGCR;TRIM37;NBR1;FAR2;DHRS7B;PEX2;MGST1;USP30;CAT;GDAP1;PXMP4;PEX11B;PEX14;SLC25A17;MPV17
prerank,Organelle Envelope Lumen (GO:0031970),0.3008877318059345,1.191597335689906,0.15294117647058825,0.2536301441392198,1.0,23/62,29.52%,PANK2;TIMM23;CHCHD5;BLOC1S1;ARL2BP;CHCHD2;PRELID2;COX17;NDUFB7;PINK1;COA7;PRELID1;OPA1;TIMM29;MICU2;CYCS;MICU1;HTRA2;NDUFA8;AIFM1;TIMM8B;TUBB2A;STOML2
prerank,Golgi Lumen (GO:0005796),0.2929360852021183,1.1835713124919616,0.19767441860465115,0.2645701582392091,1.0,16/60,19.18%,F8;DAG1;MUC12;SDC4;TGFB1;MUC6;FGF23;MMP14;SDF4;VCAN;FURIN;GPC1;PPIL2;RHBDF2;WNT5B;SDC2
prerank,Keratin Filament (GO:0045095),-0.3027780998183137,-1.1822980992902095,0.2222222222222222,0.418622848200313,0.99,9/19,25.11%,KRT10;KRT18;KRT2;FBF1;EPPK1;KRT80;KRT73;GPER1;FAM83H
prerank,MLL1/2 Complex (GO:0044665),0.3338684688940607,1.163415742723229,0.20689655172413793,0.2918920136020948,1.0,19/30,41.57%,HCFC2;KMT2A;MCRS1;KMT2B;TAF4;KANSL1;E2F6;WDR5;MGAM;PRPF31;MEN1;RUVBL1;RBBP5;RUVBL2;CHD8;TAF6;PHF20;HCFC1;INO80C
prerank,Synaptic Membrane (GO:0097060),-0.30996809022331206,-1.1533220989648254,0.25,0.4477699530516432,1.0,6/19,11.32%,SYDE2;TMEM240;GRIN2A;HIP1R;GPHN;DLG4
prerank,Tight Junction (GO:0070160),0.281298853652577,1.145546840696999,0.25773195876288657,0.31860343963277377,1.0,19/68,21.80%,RAP2B;TBCD;VAPA;RAPGEF2;CYTH1;PARD6G;FRMD4B;UBN1;STRN;MTDH;ECT2;TGFBR1;PRKCI;BVES;AMOT;SH3BP1;MICALL2;CHAF1B;EPHA2
prerank,Ciliary Membrane (GO:0060170),0.33267853322520047,1.1442471113651873,0.2962962962962963,0.31855360699570157,1.0,6/28,14.89%,EVC2;BBS7;BBS9;ARL13B;PTCH1;EVC
prerank,Intermediate Filament Cytoskeleton (GO:0045111),0.2946039246271231,1.1403096361192482,0.3023255813953488,0.32309871734089873,1.0,22/65,25.49%,CLIP1;SYNE2;MACF1;SAP30BP;PHLDB2;PRKCE;STON1;MMP14;BCAS3;DDX60;PLEC;BFSP1;SYNM;VIM;S100A8;SLC1A4;RAD51;HLA-DRB1;RTN2;PPL;CLK3;KRT5
prerank,U5 snRNP (GO:0005682),0.37892468727695555,1.138406475621301,0.3382352941176471,0.3243891895955496,1.0,8/18,27.78%,SNRPG;TSSC4;SNRPB;CD2BP2;TXNL4A;DDX23;SNRNP200;PRPF18
prerank,Exocytic Vesicle Membrane (GO:0099501),0.31276714938437145,1.1303695993850884,0.26744186046511625,0.336699906975552,1.0,10/38,14.71%,SEMA4C;RAB26;OTOF;VAMP2;MCTP1;CLTA;SV2C;TMEM163;CLTB;SYNGR3
prerank,Postsynaptic Density (GO:0014069),-0.19122900527880834,-1.1289173935938515,0.0,0.4582799829278702,1.0,35/120,17.54%,CDK5R1;SRGAP3;IQSEC3;ADD2;RPL12;GRIN2A;RPL30;LZTS3;RPL7;DLG2;RPS13;RPS27;RPS3;RPS14;RPL8;RPS19;RPS25;RPL38;RPS18;HIP1R;PTPRS;DISC1;GPHN;DLG4;DTNB;RPLP0;RPL14;FXR1;ARHGAP32;ATP2B2;KALRN;SHANK1;GRIK5;SHANK3;PPP1R9A
prerank,Microbody Lumen (GO:0031907),0.2997317386756875,1.1269341656239347,0.3068181818181818,0.3387980782942961,1.0,29/42,45.63%,CROT;DHRS4;SCP2;ACOT4;CRAT;ACOXL;IDE;AGPS;IDH1;GSTK1;ACOX2;GNPAT;ACAA1;PHYH;HACL1;CAT;BAAT;ACOX1;ECH1;PIPOX;ACOX3;DDO;AMACR;GRHPR;MLYCD;ACOT8;EHHADH;ECI2;ACOT2
prerank,Peroxisomal Matrix (GO:0005782),0.2997317386756875,1.1269341656239347,0.3068181818181818,0.3387980782942961,1.0,29/42,45.63%,CROT;DHRS4;SCP2;ACOT4;CRAT;ACOXL;IDE;AGPS;IDH1;GSTK1;ACOX2;GNPAT;ACAA1;PHYH;HACL1;CAT;BAAT;ACOX1;ECH1;PIPOX;ACOX3;DDO;AMACR;GRHPR;MLYCD;ACOT8;EHHADH;ECI2;ACOT2
prerank,Synaptic Vesicle Membrane (GO:0030672),0.30813609887138727,1.1236836636896514,0.28735632183908044,0.3426452882441439,1.0,10/39,14.71%,SEMA4C;RAB26;OTOF;VAMP2;MCTP1;CLTA;SV2C;TMEM163;CLTB;SYNGR3
prerank,MLL1 Complex (GO:0071339),0.31941866313577166,1.1022723730438566,0.3409090909090909,0.37652938072423864,1.0,18/29,41.57%,HCFC2;KMT2A;MCRS1;TAF4;KANSL1;E2F6;WDR5;MGAM;PRPF31;MEN1;RUVBL1;RBBP5;RUVBL2;CHD8;TAF6;PHF20;HCFC1;INO80C
prerank,Platelet Alpha Granule Membrane (GO:0031092),0.37744648461446445,1.0943405934558055,0.296875,0.3886307938863703,1.0,9/16,35.52%,SPARC;CD109;LY6G6F;TMX3;SYTL4;PHACTR2;CD36;ITGA2B;LHFPL2
prerank,Bicellular Tight Junction (GO:0005923),0.27582420132660856,1.0934476995400417,0.2916666666666667,0.3880375375639246,1.0,15/58,19.93%,RAP2B;TBCD;VAPA;RAPGEF2;CYTH1;FRMD4B;UBN1;STRN;MTDH;ECT2;TGFBR1;BVES;SH3BP1;MICALL2;CHAF1B
prerank,Serine/Threonine Protein Kinase Complex (GO:1902554),0.2754309331906925,1.0876128271025305,0.3258426966292135,0.39563136745211436,1.0,24/55,34.34%,PARD6G;AZI2;CCNF;TBKBP1;TANK;CAB39L;TGFBR1;CDKN1A;PRKCI;TBK1;CCNA2;CAB39;CCNQ;CNPPD1;CDK1;CCNB3;CDK16;CDK5;CKS2;CCND3;DAPK1;PARD6A;ACVR2A;CCNJL
prerank,Brush Border Membrane (GO:0031526),0.3108525483656031,1.0629852111480143,0.3924050632911392,0.4386898497182665,1.0,10/29,28.70%,MFSD10;SLC26A6;LIMA1;SLC34A1;CYBRD1;GNA13;ITLN1;B4GALT1;CD36;SLC28A3
prerank,Cornified Envelope (GO:0001533),-0.27213541491163806,-1.0605722341545145,0.36363636363636365,0.5702269170579031,1.0,4/20,6.75%,KRT10;DSC1;DSG3;KRT2
prerank,"Preribosome, Large Subunit Precursor (GO:0030687)",-0.29084276801393427,-1.056803337976383,0.2962962962962963,0.5353918382087396,1.0,7/18,18.13%,WDR74;WDR12;MRTO4;RRP15;NSA2;MDN1;MAK16
prerank,Sperm Flagellum (GO:0036126),0.2962686497377879,1.0546895901749238,0.3972602739726027,0.45082767812630353,1.0,9/36,17.17%,ATP2B4;ATP1B3;DNAI2;CCDC181;CFAP58;ATP1B1;EPS8L1;IQCG;TTLL3
prerank,Basement Membrane (GO:0005604),0.3084737806165469,1.0529609530416302,0.35365853658536583,0.45109549888010947,1.0,19/33,44.70%,DAG1;CD151;TNC;NID1;COL15A1;LAMA2;FREM3;LAMA5;ERBIN;FBN1;CCDC80;SMOC1;COLQ;LOXL2;P3H2;PXDN;LAMA3;APLP1;LAMC1
prerank,Supramolecular Fiber (GO:0099512),0.31587838534137563,1.0482528479903197,0.41025641025641024,0.4573126590791933,1.0,9/25,29.71%,MYH9;SSNA1;MYO18A;LTBP4;MFAP1;LTBP1;CTPS1;ADAMTS10;FBN1
prerank,Rough Endoplasmic Reticulum (GO:0005791),0.3344093498770999,1.0475131845873291,0.4074074074074074,0.45665867712885455,1.0,10/24,25.65%,SUCO;PTGDS;ZC3H12A;RAB14;PSMD2;LRAT;PKM;LRPAP1;HM13;UBA1
prerank,Cyclin-Dependent Protein Kinase Holoenzyme Complex (GO:0000307),0.28988701925835214,1.043035622032939,0.4430379746835443,0.46349876739055484,1.0,15/37,29.37%,CCNF;CCNK;CDKN1A;CCNA2;CCNQ;CCNE2;CNPPD1;CDK1;CCNB1;CCNB3;CDK13;CDK16;CDK5;CKS2;CCND3
prerank,Transcription Factor TFIID Complex (GO:0005669),0.28300774217502034,1.037373100697378,0.43023255813953487,0.4720213931310007,1.0,13/32,27.46%,TAF5L;GTF2E2;GTF2E1;TAF4;TAF5;TAF13;GTF2A2;TAF11;TAF2;TAF12;GTF2A1;TCEA1;ERCC3
prerank,PRC1 Complex (GO:0035102),0.36925710936122325,1.030224423207528,0.44871794871794873,0.4820373248854926,1.0,8/15,38.50%,PCGF1;CBX6;PCGF6;PHC2;CBX4;PCGF3;PCGF2;CBX8
prerank,Monoatomic Ion Channel Complex (GO:0034702),0.3166242646134191,1.0235120189477918,0.4523809523809524,0.49151784794339215,1.0,7/25,17.85%,TRPC3;OSTM1;LRRC8A;CHRNB1;CHRNE;CHRFAM7A;PKD2
prerank,U4/U6 X U5 tri-snRNP Complex (GO:0046540),0.28586345070893215,1.0200610241464074,0.44871794871794873,0.4933941406238616,1.0,13/35,28.06%,SNRPG;SNRPB;USP39;TXNL4A;RBM42;DDX23;ZMAT2;SNRNP200;PRPF31;SNRNP27;EFTUD2;PRPF18;LSM8
prerank,Spliceosomal tri-snRNP Complex (GO:0097526),0.28586345070893215,1.0200610241464074,0.44871794871794873,0.4933941406238616,1.0,13/35,28.06%,SNRPG;SNRPB;USP39;TXNL4A;RBM42;DDX23;ZMAT2;SNRNP200;PRPF31;SNRNP27;EFTUD2;PRPF18;LSM8
prerank,RNA Polymerase III Complex (GO:0005666),0.3421519434518506,1.0095549697404713,0.43243243243243246,0.5089237386429538,1.0,7/17,22.95%,POLR2K;POLR2F;POLR3A;POLR2L;POLR3F;POLR3K;POLR3GL
prerank,Apical Junction Complex (GO:0043296),0.23648012780908612,0.9713075857467733,0.5376344086021505,0.57887009953134,1.0,19/82,19.93%,RAP2B;TBCD;VAPA;RAPGEF2;CYTH1;FRMD4B;UBN1;STRN;MTDH;ECT2;TGFBR1;RHOA;AJM1;BVES;SORBS1;AMOT;SH3BP1;MICALL2;CHAF1B
prerank,Mitochondrial Outer Membrane Translocase Complex (GO:0005742),-0.2655034557182271,-0.964971967637216,0.6153846153846154,0.7394366197183099,1.0,6/18,15.53%,MTX3;TOMM20;MTX2;TOMM20L;CHCHD6;TOMM7
prerank,Dendrite Membrane (GO:0032590),-0.2606401172733936,-0.9474809559084322,0.625,0.7398278560250392,1.0,15/15,73.96%,KCNC4;ATP2B2;KCNC1;GPER1;KCNB1;GABRA4;INSR;KCNC3;SHISA9;LAMP5;GABRG2;FOXM1;SHISA8;DAGLA;SGCE
prerank,NuA4 Histone Acetyltransferase Complex (GO:0035267),0.3009368367889004,0.9440878092607978,0.5394736842105263,0.625780030644146,1.0,8/20,35.60%,MEAF6;MORF4L1;YEATS2;VPS72;KAT5;RUVBL1;ING3;RUVBL2
prerank,H4/H2A Histone Acetyltransferase Complex (GO:0043189),0.3009368367889004,0.9440878092607978,0.5394736842105263,0.625780030644146,1.0,8/20,35.60%,MEAF6;MORF4L1;YEATS2;VPS72;KAT5;RUVBL1;ING3;RUVBL2
prerank,9+2 Motile Cilium (GO:0097729),0.2555603847909272,0.9437075767665305,0.5308641975308642,0.6231836780720407,1.0,9/41,17.17%,ATP2B4;ATP1B3;DNAI2;CCDC181;CFAP58;ATP1B1;EPS8L1;IQCG;TTLL3
prerank,Transcription Factor TFTC Complex (GO:0033276),0.3128754056957236,0.936333619294159,0.5,0.6340023008774452,1.0,7/17,24.14%,TAF5L;TAF4;TADA3;TAF5;ENY2;TAF2;TAF12
prerank,SAGA Complex (GO:0000124),0.3049953213119004,0.9361341689364718,0.4794520547945205,0.6312357010542041,1.0,7/20,24.28%,TAF5L;KAT2B;TADA3;SF3B5;ENY2;TAF12;SF3B3
prerank,Neuromuscular Junction (GO:0031594),0.26004750350332123,0.9316601867804637,0.5180722891566265,0.6357193286210172,1.0,12/30,28.86%,ITGB1;DLG3;F2R;FCHSD1;SYNGR3;TRIP4;CHRNB1;CHRNE;SYNGR1;SYNGR2;CDK5;PSEN2
prerank,Euchromatin (GO:0000791),-0.19517465571461368,-0.9243544821667854,0.6521739130434783,0.755575117370892,1.0,11/30,21.03%,EXOSC5;RBMX;DNMT3A;CREB1;ZC3H8;PSIP1;ICE2;TBP;CBX3;PELP1;ESR1
prerank,Endosome Lumen (GO:0031904),0.2825352120624492,0.9135549994507521,0.5972222222222222,0.6650124444229654,1.0,10/20,37.55%,B2M;JAK2;AP4M1;CD63;RAB38;CTSS;LNPEP;RAB32;AP4E1;CTSB
prerank,Ionotropic Glutamate Receptor Complex (GO:0008328),-0.21294629040566682,-0.8877282964785763,0.6,0.7870753935376967,1.0,9/20,28.59%,CNIH3;GRIN2A;DLG4;OLFM2;GRIK5;GRIN3B;GRIA4;GRIN3A;VWC2
prerank,Acrosomal Vesicle (GO:0001669),0.2507223438944228,0.8798218455215594,0.6235294117647059,0.7224894256800816,1.0,15/31,38.06%,IQUB;CATSPER3;SLC9A8;RAB6A;TRIM36;RAB2B;LRGUK;IFT20;SPAG6;CCDC136;GLIPR1L1;ZPBP2;KNL1;VPS13B;IL4I1
prerank,Endoribonuclease Complex (GO:1902555),0.2721437963481843,0.8452867182068932,0.6455696202531646,0.7742822162694577,1.0,7/17,32.85%,AGO4;POP7;POP4;TSN;POP1;AGO3;DHX9
prerank,Mitochondrial Matrix (GO:0005759),0.1782891045413874,0.830661030640075,0.87,0.7923784909432223,1.0,130/325,37.85%,OGDH;ACOT9;BLOC1S1;GSR;FOXO3;ARL2BP;ADHFE1;NR3C1;PDK2;POLG;IARS2;RARS2;ATP5PB;SOD2;BTD;ETHE1;IDH2;ATP5F1E;DMGDH;NAXE;ACADVL;MTERF2;NSUN3;OAT;CYP27A1;CA5B;ACAA2;GLS;MRPL43;HSD17B10;NDUFAB1;MPST;AUH;ETFA;ATP5F1C;IDH3G;HOGA1;PDK4;FDX1;ATP5F1D;NAGS;CA5A;DNAJC15;ISCA1;MTHFD2;TST;SUPV3L1;LRRK2;IBA57;GLUD1;DGLUCY;PDP2;GSTK1;MRPL58;CPS1;MRPS22;BCO2;PDE2A;PDP1;CDK1;ARHGAP11B;DECR1;NDUFA9;PYROXD2;MRPL28;PDHB;PPTC7;CCNB1;ATP5F1B;ACSF2;MMAA;NUDT1;MRPL9;PRDX5;DHTKD1;DARS2;HADHA;TYMS;GFM1;GOT2;TK1;MRPS12;FASTKD3;SCO2;OXCT2;FDXR;OGG1;PDPR;FASTK;GFM2;TXNRD2;NADK2;ALAS1;IDH3B;CCAR2;NDUFB8;MRPL13;TMLHE;ALDH1B1;SARS2;NDUFS3;ALDH2;CS;BCKDK;ELAC2;HARS2;ACO2;PDHA1;MRPL34;WARS2;ACAD8;ABAT;PCCA;TIMM44;GADD45GIP1;ACSS1;ECI1;METTL15;YARS2;FECH;REXO2;MRPL48;PTCD1;TFB2M;ACSF3;ERAL1;GPT2;BOLA3;GRPEL1;MRPL39
prerank,Platelet Dense Granule (GO:0042827),0.29518152083924193,0.8296076056701984,0.726027397260274,0.7902026213758666,1.0,5/15,25.68%,LAMP2;RAB27B;CD63;FAM3C;CTSW
prerank,U1 snRNP (GO:0005685),0.2822732486483518,0.8246776767524424,0.7407407407407407,0.794866628730434,1.0,3/17,9.27%,SNRPB2;SNRPG;SNRPB
prerank,Voltage-Gated Calcium Channel Complex (GO:0005891),0.22807986377253034,0.8108068882000238,0.7926829268292683,0.810267320793986,1.0,13/35,34.53%,CACNB3;CATSPER3;CACNA2D2;PDE4D;EFCAB9;CACNA2D4;TMEM262;CATSPERG;CATSPER1;SCN8A;TMEM249;CACNA1D;HSPA2
prerank,TIM23 Mitochondrial Import Inner Membrane Translocase Complex (GO:0005744),0.2621360464160614,0.764243187650606,0.8227848101265823,0.8677498100602862,1.0,6/15,37.61%,TIMM23;TIMM17B;TIMM17A;TIMM44;TIMM50;GRPEL1
prerank,Potassium Channel Complex (GO:0034705),-0.13516506283420188,-0.7570936915155743,0.8571428571428571,0.9683098591549295,1.0,13/46,23.54%,KCNMB4;KCNQ1;KCNH2;KCNQ2;KCNC4;KCNA5;KCNG2;GRIK5;KCND1;KCNN4;KCNAB1;KCNC1;KCNMB3
prerank,Postsynaptic Density Membrane (GO:0098839),-0.20199161465491688,-0.7436624481210203,0.8095238095238095,0.9343340746231776,1.0,4/20,11.32%,GRIN2A;DLG2;PTPRS;DLG4
prerank,Catenin Complex (GO:0016342),0.24368916607597557,0.7305170634396481,0.8674698795180723,0.8998778826671249,1.0,3/16,12.97%,APC2;CTNNB1;CTNNA1
prerank,Cell-Cell Contact Zone (GO:0044291),0.20080983203062305,0.7202376643891718,0.8690476190476191,0.9059192492746367,1.0,5/43,9.50%,VCL;AHNAK;RAP2B;OBSL1;ATP1B1
prerank,Voltage-Gated Potassium Channel Complex (GO:0008076),-0.14116550716854748,-0.7186533348904945,0.8461538461538461,0.9105046948356808,1.0,12/41,23.54%,KCNMB4;KCNQ1;KCNH2;KCNQ2;KCNC4;KCNA5;KCNG2;KCND1;KCNN4;KCNAB1;KCNC1;KCNMB3
prerank,Postsynaptic Specialization Membrane (GO:0099634),0.18089075413410843,0.5899798618466516,0.9615384615384616,0.9896079591101998,1.0,2/21,4.88%,DLG3;GRIN2C
prerank,Motile Cilium (GO:0031514),0.14316373000272067,0.5470809882870368,1.0,0.9980618102246737,1.0,6/54,11.00%,ANXA1;IQUB;PAFAH1B1;ARL13B;ROPN1L;DYNC2H1
prerank,Mitochondrial Ribosome (GO:0005761),0.17669894083235219,0.5314716889240709,0.961038961038961,0.9959525420452349,1.0,14/22,48.16%,MRPL43;MRPS22;MRPL28;MRPL9;MRPS12;MRPL13;MRPL34;MRPL48;MRPL39;MRPS14;MTG1;MTG2;MRPL20;MRPL51
prerank,Intercalated Disc (GO:0014704),0.1516076494484927,0.49990997874895304,0.9875,0.9954088536632515,1.0,13/26,51.54%,OBSL1;ATP1B1;YWHAH;PGM5;DES;DSP;SCN5A;PAK1;FXYD1;SCN4B;DSC2;DSG2;JUP
